1;437;2;5;.400;1;2;.500;0;0;;0;3;0;0;1;1;5
1;424;5;12;.417;0;0;;4;4;1.000;2;1;1;1;2;3;14
1;438;3;6;.500;0;0;;2;2;1.000;5;3;1;1;2;5;8
1;432;2;5;.400;2;4;.500;0;0;;2;0;0;1;1;3;6
1;425;0;2;.000;0;0;;0;0;;3;1;0;0;0;2;0
1;428;4;8;.500;1;4;.250;5;7;.714;3;1;0;0;0;0;14
1;430;5;12;.417;2;4;.500;3;4;.750;6;2;2;0;1;2;15
1;429;3;5;.600;0;0;;0;0;;2;4;0;0;2;0;6
1;426;0;4;.000;0;3;.000;4;5;.800;2;1;1;0;0;3;4
1;431;3;6;.500;2;2;1.000;1;2;.500;3;1;3;0;3;1;9
1;439;1;8;.125;0;1;.000;0;0;;1;1;0;0;0;0;2
1;440;3;6;.500;1;2;.500;0;0;;0;1;1;1;0;0;7
1;434;1;1;1.000;0;0;;0;0;;1;0;0;0;0;0;2
1;344;11;13;.846;5;6;.833;0;0;;2;2;1;0;1;3;27
1;336;5;13;.385;2;6;.333;0;1;.000;8;11;2;1;3;1;12
1;335;9;17;.529;1;4;.250;5;5;1.000;9;7;2;0;4;2;24
1;337;1;4;.250;1;2;.500;0;2;.000;7;4;0;1;1;0;3
1;342;5;7;.714;0;0;;5;6;.833;4;0;1;2;0;4;15
1;333;2;7;.286;0;2;.000;1;2;.500;4;2;0;1;0;1;5
1;340;3;5;.600;0;0;;0;0;;6;3;0;1;2;2;6
1;339;4;6;.667;0;0;;3;4;.750;4;2;0;0;1;1;11
1;345;2;3;.667;0;0;;0;0;;3;1;0;0;1;2;4
1;346;1;3;.333;1;2;.500;0;0;;0;0;0;0;0;1;3
1;330;1;3;.333;0;0;;1;2;.500;2;0;0;0;0;0;3
1;338;0;0;;0;0;;0;0;;2;0;0;0;2;1;0
2;105;4;13;.308;3;4;.750;4;5;.800;5;4;0;0;4;5;15
2;114;1;7;.143;0;4;.000;2;2;1.000;4;4;2;0;1;3;4
2;108;5;9;.556;2;2;1.000;1;2;.500;3;4;0;0;2;1;13
2;109;2;6;.333;1;3;.333;4;4;1.000;3;0;1;0;1;2;9
2;119;1;4;.250;0;0;;0;0;;5;1;0;2;2;1;2
2;121;4;8;.500;0;2;.000;1;3;.333;7;5;1;1;2;2;9
2;113;9;13;.692;4;5;.800;4;7;.571;7;2;0;1;2;5;26
2;103;2;3;.667;0;0;;2;4;.500;1;0;0;1;1;1;6
2;82;4;7;.571;0;0;;3;4;.750;4;4;0;0;1;3;11
2;106;2;5;.400;2;5;.400;0;0;;2;1;0;1;0;2;6
2;111;1;2;.500;0;1;.000;0;0;;0;0;0;0;0;0;2
2;104;0;0;;0;0;;0;0;;0;0;0;0;0;0;0
2;59;5;13;.385;0;0;;7;10;.700;9;14;2;0;5;4;17
2;58;8;15;.533;4;6;.667;0;0;;6;3;0;0;1;2;20
2;57;8;13;.615;4;6;.667;8;8;1.000;2;1;1;0;2;0;28
2;43;3;8;.375;2;4;.500;1;2;.500;7;4;0;3;0;5;9
2;50;1;7;.143;0;0;;0;0;;7;4;0;1;0;3;2
2;41;9;17;.529;4;7;.571;3;5;.600;2;2;3;0;0;2;25
2;48;7;15;.467;3;4;.750;0;0;;14;0;1;0;2;3;17
2;46;1;4;.250;0;0;;3;4;.750;2;4;2;0;0;1;5
2;54;1;1;1.000;0;0;;0;0;;1;1;0;0;0;1;2
2;47;0;0;;0;0;;0;0;;0;1;0;0;0;1;0
2;51;1;1;1.000;1;1;1.000;0;0;;0;0;0;0;0;1;3
2;39;1;1;1.000;0;0;;0;0;;0;0;0;0;0;0;2
3;408;14;26;.538;0;2;.000;7;9;.778;14;1;2;4;3;4;35
3;418;6;15;.400;4;10;.400;0;0;;11;3;2;4;1;1;16
3;422;3;9;.333;0;1;.000;0;0;;8;17;1;0;2;4;6
3;412;10;20;.500;1;5;.200;0;1;.000;7;2;1;2;3;1;21
3;419;2;4;.500;0;1;.000;0;0;;2;2;1;0;1;2;4
3;403;4;5;.800;2;2;1.000;0;0;;1;1;1;1;2;1;10
3;417;0;1;.000;0;1;.000;0;0;;4;0;0;0;1;0;0
3;409;1;4;.250;0;0;;0;0;;2;0;0;1;0;2;2
3;411;1;2;.500;1;2;.500;0;0;;0;0;0;0;1;2;3
3;355;6;23;.261;4;9;.444;2;2;1.000;7;7;2;0;0;2;18
3;356;7;18;.389;4;10;.400;1;1;1.000;2;2;3;0;1;1;19
3;361;6;15;.400;1;4;.250;0;0;;7;0;1;1;4;2;13
3;347;3;7;.429;1;5;.200;0;0;;7;2;0;1;3;1;7
3;358;3;7;.429;0;0;;5;5;1.000;11;0;0;2;0;3;11
3;349;3;8;.375;1;4;.250;1;2;.500;2;3;2;1;0;1;8
3;351;3;6;.500;0;0;;0;2;.000;13;0;0;1;1;3;6
3;350;3;7;.429;1;4;.250;0;0;;2;1;1;0;0;1;7
3;357;3;7;.429;0;3;.000;0;0;;1;1;1;0;3;1;6
3;348;0;0;;0;0;;0;0;;0;1;0;0;0;0;0
3;354;0;0;;0;0;;0;0;;0;0;0;0;0;0;0
4;146;8;17;.471;2;6;.333;1;1;1.000;2;4;3;0;1;1;19
4;161;6;20;.300;3;5;.600;8;10;.800;3;15;4;2;5;3;23
4;153;9;15;.600;1;4;.250;3;3;1.000;11;6;0;0;0;5;22
4;155;4;7;.571;1;3;.333;0;0;;5;1;1;1;0;1;9
4;148;6;9;.667;0;0;;0;0;;6;0;0;0;1;3;12
4;158;7;10;.700;0;0;;0;0;;3;0;0;0;2;2;14
4;154;1;4;.250;1;2;.500;0;0;;5;1;1;0;2;3;3
4;157;0;3;.000;0;1;.000;2;2;1.000;0;1;0;0;1;0;2
4;147;0;1;.000;0;0;;0;0;;0;1;1;0;0;1;0
4;150;0;0;;0;0;;2;2;1.000;0;0;1;0;1;2;2
4;7;4;9;.444;1;4;.250;2;2;1.000;3;9;2;0;5;5;11
4;4;6;17;.353;2;5;.400;3;4;.750;2;6;0;0;2;1;17
4;6;8;11;.727;3;4;.750;4;4;1.000;12;1;0;2;1;3;23
4;16;4;6;.667;0;0;;1;2;.500;9;2;0;1;1;1;9
4;1;5;9;.556;2;4;.500;0;0;;2;1;0;1;0;1;12
4;18;7;10;.700;3;4;.750;1;2;.500;1;4;3;1;4;2;18
4;9;4;8;.500;4;7;.571;0;0;;2;0;1;0;0;0;12
4;15;2;5;.400;1;2;.500;4;4;1.000;5;1;0;0;1;2;9
4;12;1;1;1.000;0;0;;0;0;;1;1;0;2;3;2;2
4;11;0;0;;0;0;;1;2;.500;1;1;0;0;0;0;1
4;13;0;1;.000;0;0;;0;0;;0;0;0;0;0;1;0
5;133;12;20;.600;5;7;.714;2;2;1.000;8;6;2;1;3;5;31
5;122;11;21;.524;0;1;.000;13;16;.813;13;7;3;0;4;6;35
5;128;3;6;.500;0;0;;1;2;.500;6;1;0;6;3;3;7
5;140;1;4;.250;0;3;.000;0;0;;3;0;0;1;1;3;2
5;123;4;12;.333;0;2;.000;1;2;.500;4;4;0;0;5;6;9
5;125;6;13;.462;2;6;.333;2;2;1.000;4;3;1;0;2;4;16
5;142;1;1;1.000;1;1;1.000;0;0;;0;0;1;0;1;2;3
5;137;1;5;.200;0;1;.000;0;0;;4;1;0;0;1;1;2
5;145;1;1;1.000;0;0;;0;0;;0;0;1;0;0;1;2
5;126;0;0;;0;0;;0;0;;0;0;0;0;0;0;0
5;22;9;19;.474;2;5;.400;0;0;;4;4;1;1;3;4;20
5;26;5;8;.625;1;2;.500;13;14;.929;12;4;2;3;1;3;24
5;36;8;18;.444;1;3;.333;2;2;1.000;10;4;3;1;5;0;19
5;33;7;18;.389;4;9;.444;5;6;.833;4;3;1;0;0;2;23
5;20;0;4;.000;0;0;;0;0;;3;1;0;0;0;2;0
5;30;8;20;.400;2;4;.500;3;3;1.000;7;1;0;0;2;4;21
5;28;2;4;.500;1;3;.333;0;0;;1;2;1;0;4;2;5
5;32;0;1;.000;0;0;;0;0;;1;1;0;0;0;3;0
5;29;0;2;.000;0;0;;1;2;.500;3;0;0;0;0;1;1
6;85;5;17;.294;1;6;.167;4;4;1.000;6;1;3;0;1;3;15
6;93;11;19;.579;6;9;.667;4;8;.500;6;4;4;1;4;3;32
6;99;6;9;.667;1;2;.500;3;4;.750;8;2;0;1;1;3;16
6;102;3;4;.750;0;0;;1;2;.500;3;1;0;1;0;0;7
6;87;2;9;.222;1;4;.250;1;2;.500;5;6;2;0;2;0;6
6;89;1;5;.200;1;1;1.000;0;0;;3;3;3;0;0;2;3
6;96;2;4;.500;0;2;.000;0;0;;4;2;0;1;0;5;4
6;97;5;11;.455;1;4;.250;1;3;.333;5;0;0;0;2;2;12
6;42;1;1;1.000;0;0;;1;2;.500;4;0;0;0;1;3;3
6;70;7;17;.412;0;4;.000;10;14;.714;10;12;1;1;3;2;24
6;72;3;8;.375;3;6;.500;0;1;.000;17;2;1;1;2;3;9
6;66;0;7;.000;0;3;.000;0;0;;4;1;0;1;1;2;0
6;69;4;8;.500;1;4;.250;0;2;.000;2;1;1;0;1;2;9
6;67;3;7;.429;1;3;.333;0;0;;3;1;1;0;2;2;7
6;73;5;7;.714;0;0;;0;1;.000;5;1;2;1;3;4;10
6;79;6;11;.545;3;6;.500;0;0;;2;1;0;0;2;3;15
6;63;2;6;.333;0;3;.000;2;2;1.000;1;1;1;0;0;2;6
6;62;0;3;.000;0;3;.000;0;0;;0;1;0;0;1;2;0
6;71;0;3;.000;0;2;.000;0;0;;0;0;0;0;1;0;0
6;81;0;0;;0;0;;0;0;;1;0;0;0;0;0;0
6;74;0;1;.000;0;0;;0;0;;1;0;0;0;0;1;0
7;455;3;9;.333;0;2;.000;2;4;.500;12;2;0;1;2;2;8
7;445;4;11;.364;2;5;.400;3;3;1.000;5;3;2;0;0;4;13
7;456;7;15;.467;1;3;.333;3;4;.750;6;1;0;0;2;4;18
7;449;4;6;.667;0;0;;1;1;1.000;6;1;0;0;2;1;9
7;454;4;9;.444;1;4;.250;6;7;.857;9;8;1;1;5;4;15
7;446;4;11;.364;3;7;.429;4;4;1.000;2;2;0;0;0;0;15
7;77;7;14;.500;1;2;.500;1;1;1.000;2;4;0;0;2;3;16
7;447;2;3;.667;0;0;;3;4;.750;3;0;0;0;0;1;7
7;450;0;0;;0;0;;0;0;;0;1;0;0;0;0;0
7;442;0;2;.000;0;0;;0;0;;2;0;0;0;0;0;0
7;315;15;26;.577;7;12;.583;7;9;.778;4;8;2;0;3;2;44
7;312;10;15;.667;0;0;;4;4;1.000;12;1;1;3;0;3;24
7;323;5;14;.357;1;6;.167;3;4;.750;3;4;2;0;6;3;14
7;307;1;6;.167;0;4;.000;1;4;.250;5;0;2;0;1;1;3
7;326;1;5;.200;1;5;.200;0;0;;0;0;0;2;1;3;3
7;313;3;10;.300;1;7;.143;0;0;;1;2;1;1;0;0;7
7;314;2;5;.400;0;3;.000;0;0;;7;0;0;0;0;3;4
7;316;2;2;1.000;0;0;;1;2;.500;3;0;0;1;0;4;5
7;320;0;0;;0;0;;0;0;;2;0;0;1;0;0;0
8;385;6;8;.750;0;0;;2;6;.333;7;1;0;2;3;4;14
8;391;11;22;.500;3;7;.429;2;2;1.000;10;3;2;1;1;1;27
8;387;5;9;.556;3;5;.600;0;0;;2;1;0;0;2;5;13
8;396;5;18;.278;0;3;.000;3;3;1.000;7;5;4;1;3;2;13
8;384;3;7;.429;0;0;;1;1;1.000;5;3;0;2;1;1;7
8;64;3;10;.300;3;9;.333;4;4;1.000;4;2;2;0;1;1;13
8;395;0;1;.000;0;1;.000;1;2;.500;2;0;2;1;0;3;1
8;383;4;6;.667;0;0;;2;2;1.000;1;2;0;0;3;1;10
8;388;0;2;.000;0;1;.000;0;0;;0;1;0;0;0;0;0
8;381;4;4;1.000;2;2;1.000;0;0;;2;0;0;0;0;1;10
8;393;0;0;;0;0;;0;0;;2;0;0;0;0;1;0
8;399;0;0;;0;0;;0;0;;0;0;0;0;0;1;0
8;371;13;20;.650;8;11;.727;2;2;1.000;7;0;1;0;4;2;36
8;365;5;13;.385;2;7;.286;3;4;.750;7;2;3;2;3;2;15
8;379;10;25;.400;0;4;.000;9;9;1.000;13;8;1;0;5;4;29
8;364;4;9;.444;0;0;;4;6;.667;7;3;0;0;0;1;12
8;366;2;3;.667;1;1;1.000;2;2;1.000;3;1;2;1;1;3;7
8;363;4;7;.571;3;5;.600;0;0;;3;0;0;0;1;2;11
8;372;2;4;.500;0;0;;0;0;;3;2;1;1;2;1;4
8;369;1;4;.250;0;1;.000;0;0;;1;0;0;1;1;1;2
8;376;0;0;;0;0;;0;0;;2;0;0;0;0;1;0
8;370;0;0;;0;0;;0;0;;0;0;0;0;0;2;0
9;424;11;21;.524;0;0;;12;12;1.000;12;3;0;0;2;1;34
9;430;6;12;.500;0;3;.000;0;0;;5;3;3;1;2;3;12
9;437;7;16;.438;3;9;.333;4;4;1.000;3;3;0;0;3;4;21
9;432;0;3;.000;0;3;.000;0;0;;2;1;1;1;0;2;0
9;438;2;4;.500;0;0;;0;0;;2;0;2;0;1;1;4
9;426;1;7;.143;1;6;.167;2;4;.500;3;0;0;0;0;2;5
9;431;4;9;.444;0;3;.000;2;2;1.000;2;3;2;0;0;3;10
9;429;3;5;.600;0;0;;6;6;1.000;4;3;0;0;0;2;12
9;428;0;3;.000;0;1;.000;0;0;;0;0;0;0;0;1;0
9;425;0;2;.000;0;2;.000;1;2;.500;1;0;2;0;0;1;1
9;439;1;3;.333;0;1;.000;0;0;;1;0;0;0;1;1;2
9;440;0;0;;0;0;;0;0;;0;0;0;0;0;0;0
9;344;12;20;.600;5;8;.625;2;2;1.000;0;5;0;0;1;1;31
9;335;10;19;.526;3;9;.333;9;10;.900;6;6;0;1;2;4;32
9;336;2;9;.222;1;4;.250;4;4;1.000;5;6;2;0;2;5;9
9;337;5;7;.714;4;5;.800;0;0;;7;5;1;1;2;2;14
9;342;5;7;.714;0;0;;0;0;;7;2;2;1;2;3;10
9;340;1;2;.500;0;0;;0;0;;3;2;0;1;2;3;2
9;339;1;4;.250;0;0;;0;0;;3;2;0;0;3;0;2
9;333;2;6;.333;2;4;.500;0;0;;4;1;0;0;0;0;6
9;345;3;3;1.000;0;0;;4;4;1.000;4;2;0;1;0;3;10
9;346;0;1;.000;0;1;.000;0;0;;0;0;0;0;0;0;0
9;330;0;0;;0;0;;0;0;;0;1;0;0;0;1;0
9;338;0;0;;0;0;;0;0;;0;0;0;0;1;2;0
10;108;7;7;1.000;2;2;1.000;2;3;.667;7;5;3;1;3;4;18
10;114;5;12;.417;1;5;.200;3;3;1.000;5;3;0;3;0;4;14
10;105;8;14;.571;1;3;.333;3;4;.750;4;3;0;0;1;2;20
10;119;1;2;.500;0;0;;2;2;1.000;5;0;0;1;3;4;4
10;109;1;4;.250;1;1;1.000;2;2;1.000;4;2;0;0;0;1;5
10;113;3;8;.375;1;2;.500;4;4;1.000;5;6;2;1;4;3;11
10;82;11;16;.688;0;1;.000;6;8;.750;7;3;2;0;3;2;28
10;121;1;5;.200;0;2;.000;0;0;;3;0;0;1;1;4;2
10;106;3;10;.300;3;8;.375;2;2;1.000;1;1;1;0;0;2;11
10;103;0;4;.000;0;1;.000;0;2;.000;5;0;0;0;0;0;0
10;111;0;0;;0;0;;0;0;;0;0;0;0;0;1;0
10;59;10;17;.588;0;0;;4;6;.667;9;8;0;2;2;5;24
10;43;3;14;.214;1;9;.111;0;0;;9;4;0;1;2;0;7
10;58;8;20;.400;3;10;.300;4;4;1.000;8;3;4;1;5;4;23
10;57;4;13;.308;1;7;.143;2;4;.500;1;4;0;1;0;3;11
10;48;7;10;.700;0;2;.000;0;1;.000;11;0;1;0;2;5;14
10;41;5;13;.385;2;8;.250;4;5;.800;2;0;1;0;1;3;16
10;50;3;5;.600;0;0;;0;0;;7;2;1;0;1;2;6
10;54;0;1;.000;0;0;;2;2;1.000;1;1;0;0;0;1;2
10;46;0;3;.000;0;0;;0;0;;0;0;0;0;1;1;0
10;47;0;0;;0;0;;0;0;;1;0;0;0;0;2;0
11;122;13;17;.765;0;1;.000;4;9;.444;9;8;1;1;3;3;30
11;133;10;14;.714;4;6;.667;1;4;.250;4;1;0;0;3;5;25
11;128;6;7;.857;0;0;;0;0;;6;4;0;1;1;1;12
11;123;5;13;.385;2;4;.500;0;0;;7;4;1;1;1;2;12
11;140;1;3;.333;0;1;.000;0;0;;2;0;0;1;0;2;2
11;125;5;7;.714;0;1;.000;0;0;;3;0;0;0;4;2;10
11;135;4;8;.500;1;1;1.000;2;4;.500;0;0;1;0;0;1;11
11;137;0;2;.000;0;0;;0;0;;2;0;0;0;1;1;0
11;126;2;4;.500;0;2;.000;0;0;;1;0;0;0;0;0;4
11;145;0;0;;0;0;;0;0;;2;0;0;0;1;1;0
11;142;0;0;;0;0;;0;0;;1;1;0;0;0;0;0
11;127;0;0;;0;0;;0;0;;0;1;0;0;1;1;0
11;132;0;2;.000;0;1;.000;0;0;;1;0;0;0;0;0;0
11;33;8;14;.571;3;5;.600;4;4;1.000;3;8;1;1;0;2;23
11;26;7;11;.636;1;1;1.000;1;2;.500;5;4;2;0;0;2;16
11;22;12;22;.545;5;12;.417;1;2;.500;5;1;0;0;1;2;30
11;36;2;9;.222;0;2;.000;0;0;;7;3;4;1;1;3;4
11;20;3;6;.500;0;0;;0;0;;6;1;0;2;0;2;6
11;30;6;11;.545;3;6;.500;3;7;.429;5;1;1;0;1;1;18
11;28;5;8;.625;1;3;.333;0;0;;0;3;0;0;0;2;11
11;29;5;7;.714;0;0;;2;3;.667;4;2;0;1;2;1;12
11;38;0;2;.000;0;2;.000;0;0;;3;1;2;0;0;1;0
11;31;0;0;;0;0;;0;0;;0;0;0;1;0;0;0
11;32;0;0;;0;0;;0;0;;0;0;0;0;0;0;0
12;408;9;18;.500;1;2;.500;3;5;.600;12;1;2;2;5;3;22
12;418;6;11;.545;3;7;.429;2;2;1.000;8;0;0;2;0;3;17
12;422;6;11;.545;2;3;.667;2;2;1.000;10;9;0;0;6;2;16
12;412;14;24;.583;2;5;.400;3;4;.750;3;9;1;0;1;5;33
12;419;3;9;.333;1;3;.333;1;4;.250;6;2;0;0;1;2;8
12;403;1;5;.200;1;2;.500;0;0;;1;3;0;0;1;1;3
12;411;1;2;.500;0;0;;2;2;1.000;1;1;1;0;0;0;4
12;417;3;4;.750;2;2;1.000;0;0;;1;0;0;0;0;1;8
12;409;0;0;;0;0;;0;0;;1;0;0;0;0;0;0
12;355;7;18;.389;1;7;.143;2;2;1.000;3;4;1;0;7;2;17
12;356;9;21;.429;3;8;.375;1;2;.500;3;6;1;1;2;2;22
12;347;5;10;.500;4;6;.667;0;0;;15;1;0;0;1;3;14
12;361;0;6;.000;0;0;;0;0;;4;5;2;0;0;2;0
12;358;5;12;.417;0;0;;3;4;.750;3;0;1;1;1;1;13
12;352;5;5;1.000;1;1;1.000;0;0;;5;0;0;1;1;2;11
12;349;5;11;.455;2;7;.286;0;0;;5;0;0;0;2;3;12
12;351;2;3;.667;0;0;;0;0;;6;0;0;0;1;1;4
12;350;3;5;.600;1;3;.333;2;2;1.000;1;4;0;1;0;4;9
12;348;0;0;;0;0;;0;0;;0;0;0;0;1;0;0
13;161;9;17;.529;0;2;.000;11;11;1.000;4;9;0;1;4;4;29
13;153;3;7;.429;0;2;.000;0;0;;4;1;2;1;1;4;6
13;155;5;10;.500;0;0;;2;2;1.000;2;2;3;0;0;1;12
13;146;3;11;.273;1;5;.200;2;2;1.000;2;3;0;0;0;4;9
13;148;0;4;.000;0;0;;0;0;;3;0;0;0;0;2;0
13;149;4;10;.400;4;5;.800;2;2;1.000;3;8;0;0;1;2;14
13;154;6;11;.545;1;3;.333;1;2;.500;5;1;1;1;1;2;14
13;158;7;10;.700;4;5;.800;2;2;1.000;4;1;0;0;0;2;20
13;150;4;4;1.000;0;0;;4;5;.800;3;0;1;0;0;2;12
13;157;1;2;.500;0;0;;1;2;.500;4;1;0;0;1;1;3
13;4;14;23;.609;3;6;.500;6;8;.750;5;4;0;0;2;1;37
13;7;3;10;.300;1;8;.125;6;7;.857;7;12;1;0;3;3;13
13;6;4;11;.364;1;3;.333;1;1;1.000;9;2;0;3;0;1;10
13;16;8;11;.727;1;2;.500;2;3;.667;14;1;0;2;3;2;19
13;1;2;3;.667;1;2;.500;4;5;.800;3;0;1;1;0;2;9
13;18;3;9;.333;1;4;.250;4;4;1.000;1;3;3;2;0;1;11
13;9;5;7;.714;4;6;.667;4;4;1.000;2;0;0;0;1;4;18
13;12;2;2;1.000;0;0;;0;0;;4;0;0;0;0;3;4
13;15;3;5;.600;0;0;;0;1;.000;3;1;0;0;2;5;6
13;2;1;2;.500;1;2;.500;0;0;;0;1;0;0;0;0;3
13;11;0;1;.000;0;0;;0;0;;0;0;0;0;2;5;0
13;13;0;2;.000;0;1;.000;0;0;;0;0;0;0;0;0;0
13;17;0;1;.000;0;1;.000;0;0;;0;0;0;0;1;0;0
14;99;7;12;.583;1;1;1.000;3;4;.750;1;0;0;0;3;2;18
14;102;4;6;.667;0;0;;0;0;;2;1;3;1;1;5;8
14;87;7;11;.636;2;4;.500;0;0;;0;6;1;0;1;0;16
14;85;3;6;.500;1;3;.333;1;3;.333;0;4;1;0;2;2;8
14;93;9;18;.500;2;8;.250;2;2;1.000;0;6;2;0;6;3;22
14;89;3;6;.500;0;2;.000;0;0;;0;2;1;1;0;3;6
14;97;5;9;.556;0;2;.000;0;0;;1;3;0;0;4;3;10
14;96;2;8;.250;0;2;.000;2;2;1.000;1;0;0;0;0;1;6
14;42;1;2;.500;0;0;;1;1;1.000;0;0;0;1;0;4;3
14;95;0;0;;0;0;;0;0;;0;0;0;0;0;0;0
14;70;17;24;.708;2;5;.400;10;13;.769;12;5;2;0;3;1;46
14;79;2;5;.400;0;2;.000;1;2;.500;0;1;2;1;2;1;5
14;72;5;16;.313;2;6;.333;3;3;1.000;8;0;0;0;3;1;15
14;71;4;8;.500;4;8;.500;0;0;;3;1;1;0;0;2;12
14;67;2;3;.667;1;1;1.000;1;2;.500;0;3;0;0;2;6;6
14;73;1;1;1.000;0;0;;0;2;.000;5;2;1;1;0;2;2
14;69;2;5;.400;1;2;.500;0;0;;0;1;0;0;2;1;5
14;63;1;4;.250;0;0;;0;0;;0;1;0;0;0;0;2
14;62;2;4;.500;1;3;.333;0;0;;0;0;1;0;2;4;5
14;66;1;3;.333;0;1;.000;0;0;;2;1;1;0;1;1;2
15;456;6;14;.429;0;3;.000;1;2;.500;8;3;1;1;3;3;13
15;445;3;6;.500;1;1;1.000;4;4;1.000;4;2;0;0;3;1;11
15;455;2;9;.222;1;3;.333;0;2;.000;10;0;1;1;0;1;5
15;449;3;4;.750;0;0;;2;2;1.000;5;0;1;1;2;2;8
15;454;3;7;.429;0;1;.000;2;3;.667;1;1;1;1;4;4;8
15;446;3;9;.333;0;2;.000;2;3;.667;4;2;0;0;0;1;8
15;450;1;5;.200;0;1;.000;0;0;;5;3;1;0;1;0;2
15;447;1;8;.125;0;2;.000;0;0;;6;1;0;3;1;1;2
15;442;5;9;.556;2;4;.500;4;5;.800;8;2;2;0;1;3;16
15;77;4;9;.444;1;1;1.000;0;0;;1;1;0;0;1;0;9
15;307;5;14;.357;3;10;.300;2;4;.500;5;1;1;0;0;2;15
15;315;2;18;.111;1;10;.100;7;8;.875;4;7;3;3;3;2;12
15;323;10;18;.556;3;5;.600;4;4;1.000;3;8;3;1;1;2;27
15;312;4;6;.667;0;0;;0;0;;16;1;0;1;1;2;8
15;326;2;6;.333;2;5;.400;0;1;.000;2;0;0;1;0;3;6
15;313;3;13;.231;2;10;.200;1;2;.500;4;0;0;0;2;1;9
15;314;7;17;.412;5;12;.417;2;2;1.000;12;1;0;1;0;2;21
15;320;1;3;.333;0;0;;0;0;;2;2;0;0;1;1;2
15;316;0;0;;0;0;;0;0;;4;1;0;2;0;1;0
15;324;1;1;1.000;0;0;;0;0;;1;0;0;0;0;0;2
15;322;0;0;;0;0;;0;0;;1;1;1;0;0;1;0
15;318;0;0;;0;0;;0;0;;0;0;0;0;1;0;0
16;391;10;25;.400;0;7;.000;8;9;.889;6;2;1;0;4;1;28
16;384;8;14;.571;2;3;.667;2;4;.500;16;3;1;0;1;2;20
16;396;6;16;.375;5;8;.625;5;6;.833;7;9;1;0;3;4;22
16;387;1;6;.167;1;4;.250;0;0;;2;2;0;0;1;2;3
16;385;3;5;.600;0;0;;7;12;.583;15;3;2;3;3;2;13
16;64;0;3;.000;0;3;.000;1;2;.500;1;2;3;0;1;5;1
16;395;1;3;.333;1;2;.500;0;0;;3;0;0;0;0;1;3
16;388;5;9;.556;0;2;.000;0;0;;5;0;0;0;0;2;10
16;383;1;3;.333;0;0;;0;0;;1;1;1;0;1;0;2
16;371;6;21;.286;4;12;.333;2;4;.500;10;1;0;3;3;2;18
16;365;6;18;.333;2;9;.222;3;4;.750;9;0;1;0;1;3;17
16;379;7;19;.368;2;3;.667;3;4;.750;9;13;4;0;3;4;19
16;366;4;8;.500;1;3;.333;2;2;1.000;1;2;3;1;0;2;11
16;364;4;5;.800;0;0;;1;2;.500;7;1;1;0;2;6;9
16;372;6;10;.600;0;2;.000;1;2;.500;6;1;0;0;3;3;13
16;369;3;5;.600;2;4;.500;0;0;;2;3;2;0;1;1;8
16;363;0;2;.000;0;1;.000;0;0;;0;0;0;0;0;3;0
16;376;0;2;.000;0;1;.000;0;0;;2;1;0;0;0;1;0
17;59;6;13;.462;0;1;.000;7;8;.875;12;7;4;0;3;3;19
17;45;5;11;.455;3;4;.750;10;15;.667;7;4;1;3;3;4;23
17;58;7;17;.412;4;7;.571;3;4;.750;7;4;0;0;0;3;21
17;57;4;9;.444;1;5;.200;1;1;1.000;0;3;0;0;0;1;10
17;43;3;5;.600;2;2;1.000;3;5;.600;1;4;3;1;2;4;11
17;41;7;13;.538;4;8;.500;3;3;1.000;4;5;1;0;0;3;21
17;48;3;5;.600;2;3;.667;0;0;;3;0;0;1;1;2;8
17;50;2;2;1.000;0;0;;0;0;;2;0;0;0;0;1;4
17;39;2;3;.667;2;3;.667;0;0;;4;0;0;0;1;2;6
17;54;2;3;.667;0;1;.000;1;1;1.000;0;0;1;0;0;1;5
17;46;0;0;;0;0;;0;0;;1;1;0;0;0;2;0
17;108;4;9;.444;2;3;.667;2;4;.500;7;5;1;2;1;3;12
17;105;8;13;.615;1;5;.200;6;7;.857;2;8;1;0;0;3;23
17;114;5;9;.556;4;7;.571;0;0;;1;0;2;0;4;3;14
17;109;4;4;1.000;2;2;1.000;0;0;;0;0;0;0;1;3;10
17;119;1;1;1.000;0;0;;3;4;.750;2;0;0;1;2;4;5
17;113;2;6;.333;2;5;.400;3;4;.750;3;5;1;3;1;3;9
17;121;4;11;.364;4;6;.667;7;8;.875;10;3;1;2;2;5;19
17;82;2;10;.200;0;1;.000;4;4;1.000;2;5;1;1;4;2;8
17;106;1;5;.200;1;4;.250;0;0;;2;0;0;0;0;2;3
17;103;2;3;.667;0;0;;1;4;.250;5;0;0;0;0;2;5
17;111;0;1;.000;0;0;;0;0;;1;0;0;0;0;0;0
17;104;0;1;.000;0;0;;0;0;;0;0;0;0;0;0;0
18;355;5;14;.357;3;9;.333;7;8;.875;3;2;0;0;8;1;20
18;356;9;16;.563;2;5;.400;2;3;.667;1;3;1;0;4;3;22
18;347;8;15;.533;3;8;.375;2;2;1.000;8;1;2;1;2;0;21
18;352;2;8;.250;1;5;.200;0;0;;3;4;0;0;0;2;5
18;358;2;7;.286;0;0;;1;2;.500;7;2;2;0;2;4;5
18;357;2;4;.500;0;1;.000;1;2;.500;1;2;2;0;3;0;5
18;351;0;0;;0;0;;0;0;;8;0;0;0;2;1;0
18;350;0;1;.000;0;1;.000;0;0;;1;1;0;0;1;3;0
18;349;2;5;.400;0;1;.000;2;2;1.000;4;0;0;1;0;4;6
18;354;4;4;1.000;0;0;;0;0;;4;0;0;0;0;0;8
18;353;3;3;1.000;0;0;;0;0;;1;1;2;0;0;0;6
18;360;0;2;.000;0;1;.000;3;4;.750;2;1;0;0;1;1;3
18;348;0;1;.000;0;0;;1;2;.500;1;2;1;1;1;0;1
18;408;11;18;.611;0;2;.000;6;7;.857;11;2;3;2;0;3;28
18;412;7;14;.500;2;3;.667;0;0;;3;7;3;0;2;2;16
18;418;12;15;.800;4;6;.667;2;2;1.000;8;2;3;1;0;3;30
18;422;7;12;.583;1;2;.500;1;2;.500;5;11;2;1;4;2;16
18;419;2;4;.500;0;1;.000;0;0;;4;1;0;0;0;1;4
18;403;3;7;.429;1;2;.500;0;0;;0;2;2;0;2;4;7
18;417;2;7;.286;2;6;.333;2;2;1.000;1;2;2;0;1;2;8
18;411;0;1;.000;0;0;;4;4;1.000;4;0;0;0;1;4;4
18;406;2;6;.333;1;5;.200;0;0;;1;0;1;0;2;0;5
18;409;0;1;.000;0;0;;0;0;;1;0;0;0;0;1;0
18;131;0;1;.000;0;0;;1;2;.500;0;0;0;0;0;0;1
18;421;0;1;.000;0;0;;0;0;;0;0;0;0;0;1;0
19;336;4;9;.444;2;5;.400;0;0;;6;7;2;4;2;2;10
19;344;8;16;.500;3;6;.500;0;0;;3;2;0;0;1;2;19
19;335;9;17;.529;1;6;.167;7;7;1.000;9;6;0;0;4;3;26
19;337;4;9;.444;1;5;.200;1;2;.500;4;4;0;0;0;1;10
19;342;3;3;1.000;0;0;;0;0;;4;1;0;1;0;1;6
19;340;2;4;.500;0;1;.000;0;0;;2;1;3;1;0;2;4
19;333;5;9;.556;2;5;.400;0;0;;3;1;1;0;2;2;12
19;339;4;9;.444;0;1;.000;8;8;1.000;3;1;1;0;1;1;16
19;345;1;3;.333;0;1;.000;0;0;;4;3;1;1;0;1;2
19;346;1;2;.500;1;2;.500;0;0;;0;0;0;0;0;0;3
19;338;1;1;1.000;0;0;;0;1;.000;1;0;0;0;0;1;2
19;330;0;0;;0;0;;0;0;;0;0;0;0;0;0;0
19;424;6;10;.600;0;0;;6;7;.857;10;4;0;0;2;0;18
19;437;6;13;.462;2;7;.286;0;0;;2;2;2;1;3;3;14
19;430;4;11;.364;1;5;.200;2;4;.500;6;2;1;0;0;4;11
19;432;4;10;.400;1;4;.250;0;0;;4;0;0;1;0;0;9
19;438;3;7;.429;1;1;1.000;2;2;1.000;2;4;1;0;1;2;9
19;426;1;3;.333;1;3;.333;2;2;1.000;4;2;0;0;0;3;5
19;429;3;5;.600;0;2;.000;0;0;;7;0;0;1;2;3;6
19;425;3;7;.429;0;2;.000;0;0;;2;2;1;0;0;2;6
19;431;0;5;.000;0;4;.000;0;0;;2;0;2;1;1;3;0
19;439;6;12;.500;0;2;.000;4;5;.800;1;2;1;0;1;0;16
19;428;1;4;.250;1;3;.333;0;0;;0;0;0;0;0;1;3
19;427;0;0;;0;0;;0;0;;1;1;0;0;0;0;0
19;440;0;0;;0;0;;0;0;;0;0;0;1;0;0;0
20;70;10;22;.455;4;7;.571;4;6;.667;12;8;1;1;6;1;28
20;72;7;13;.538;3;5;.600;2;2;1.000;6;1;1;0;4;4;19
20;79;3;11;.273;2;8;.250;0;0;;5;0;4;0;0;5;8
20;67;4;6;.667;0;2;.000;5;6;.833;1;1;0;0;2;2;13
20;71;0;3;.000;0;3;.000;0;0;;3;1;2;0;1;3;0
20;69;4;8;.500;0;3;.000;0;0;;0;3;2;0;1;1;8
20;63;1;4;.250;0;1;.000;0;0;;4;0;0;1;1;1;2
20;73;3;4;.750;0;0;;0;0;;5;1;0;0;1;3;6
20;66;2;6;.333;1;3;.333;1;2;.500;0;2;1;1;0;3;6
20;74;0;0;;0;0;;0;0;;0;0;0;0;0;0;0
20;93;5;15;.333;1;8;.125;7;8;.875;6;7;3;0;5;0;18
20;85;11;15;.733;7;9;.778;1;3;.333;4;0;0;0;2;5;30
20;102;6;10;.600;0;0;;0;0;;7;1;3;2;1;4;12
20;99;4;11;.364;0;4;.000;0;0;;10;0;1;0;3;3;8
20;87;1;7;.143;0;2;.000;1;2;.500;2;3;1;0;2;2;3
20;96;3;5;.600;0;1;.000;1;1;1.000;1;1;0;1;2;3;7
20;97;3;8;.375;0;1;.000;2;2;1.000;5;1;0;0;1;4;8
20;89;1;2;.500;0;1;.000;4;4;1.000;0;4;0;0;1;1;6
20;42;0;0;;0;0;;0;0;;2;0;0;0;0;0;0
21;33;2;7;.286;1;5;.200;4;5;.800;2;9;2;0;5;1;9
21;20;3;3;1.000;2;2;1.000;0;0;;8;1;0;0;0;2;8
21;22;4;9;.444;1;3;.333;2;2;1.000;4;1;0;0;0;2;11
21;36;5;11;.455;1;3;.333;3;5;.600;5;0;0;1;0;0;14
21;26;7;13;.538;1;2;.500;1;1;1.000;3;1;0;0;2;2;16
21;30;2;8;.250;1;1;1.000;2;2;1.000;5;0;0;0;4;3;7
21;29;4;12;.333;0;0;;7;10;.700;12;2;0;0;5;0;15
21;28;1;5;.200;0;3;.000;0;0;;0;0;0;0;0;3;2
21;32;1;4;.250;1;3;.333;0;0;;2;0;0;0;0;1;3
21;31;2;6;.333;0;2;.000;0;0;;2;2;1;0;0;1;4
21;38;1;2;.500;0;0;;1;3;.333;2;1;0;0;0;0;3
21;133;10;17;.588;3;6;.500;0;1;.000;8;7;1;1;1;3;23
21;125;2;8;.250;1;4;.250;0;0;;3;3;0;0;2;3;5
21;122;8;13;.615;3;4;.750;0;0;;5;6;2;2;2;5;19
21;123;8;13;.615;0;3;.000;1;1;1.000;4;4;0;1;1;3;17
21;145;1;1;1.000;0;0;;0;0;;2;1;1;1;0;3;2
21;137;7;12;.583;1;4;.250;2;4;.500;5;2;1;1;1;4;17
21;132;3;5;.600;3;4;.750;5;7;.714;5;0;1;5;0;2;14
21;140;2;3;.667;2;3;.667;0;0;;3;1;1;1;0;0;6
21;127;2;2;1.000;1;1;1.000;0;0;;1;4;0;0;1;2;5
21;129;0;2;.000;0;2;.000;2;2;1.000;0;0;0;0;1;0;2
21;135;1;2;.500;1;1;1.000;0;0;;0;0;0;0;0;0;3
21;126;1;1;1.000;1;1;1.000;0;0;;1;0;1;0;0;2;3
22;4;10;22;.455;1;3;.333;2;2;1.000;3;4;1;1;3;1;23
22;7;6;14;.429;5;8;.625;2;2;1.000;4;8;3;0;5;5;19
22;6;1;4;.250;0;1;.000;1;2;.500;6;2;0;0;3;1;3
22;1;4;5;.800;2;3;.667;2;2;1.000;3;1;1;0;1;2;12
22;16;6;8;.750;1;1;1.000;1;1;1.000;5;1;2;0;2;2;14
22;9;2;7;.286;1;5;.200;4;5;.800;1;1;0;0;0;0;9
22;18;2;8;.250;0;2;.000;2;2;1.000;1;1;1;0;0;3;6
22;15;2;3;.667;1;1;1.000;0;0;;4;1;0;1;0;0;5
22;2;1;5;.200;0;1;.000;0;0;;3;0;0;1;1;2;2
22;12;2;3;.667;0;0;;1;1;1.000;4;0;0;1;2;3;5
22;13;1;3;.333;1;3;.333;2;2;1.000;0;1;0;0;1;0;5
22;11;0;0;;0;0;;0;0;;0;0;0;0;0;0;0
22;146;10;19;.526;4;9;.444;4;5;.800;4;4;3;0;1;3;28
22;161;12;23;.522;0;4;.000;4;5;.800;7;14;4;1;3;1;28
22;155;3;7;.429;2;3;.667;0;0;;8;2;0;2;1;2;8
22;148;8;10;.800;0;0;;0;0;;4;1;0;0;1;2;16
22;153;2;3;.667;1;1;1.000;2;2;1.000;1;1;0;0;0;3;7
22;158;4;4;1.000;2;2;1.000;2;2;1.000;3;2;1;0;2;2;12
22;154;5;9;.556;0;3;.000;2;2;1.000;4;0;1;2;1;2;12
22;149;1;4;.250;1;1;1.000;2;2;1.000;4;2;0;0;2;1;5
22;150;2;4;.500;0;0;;2;2;1.000;2;1;1;3;0;4;6
22;157;0;2;.000;0;0;;0;0;;1;0;0;0;0;0;0
22;147;0;0;;0;0;;0;0;;1;2;0;0;0;1;0
22;160;0;0;;0;0;;0;0;;0;0;0;0;0;0;0
23;59;8;13;.615;0;0;;1;4;.250;13;10;4;0;7;3;17
23;57;8;18;.444;2;9;.222;6;6;1.000;1;3;3;0;1;2;24
23;45;2;11;.182;0;4;.000;10;13;.769;12;1;1;5;8;4;14
23;58;4;13;.308;1;4;.250;2;2;1.000;8;2;0;0;2;4;11
23;43;3;5;.600;2;3;.667;2;2;1.000;6;2;1;0;2;5;10
23;41;3;7;.429;1;4;.250;3;3;1.000;2;2;1;0;0;2;10
23;48;4;10;.400;1;6;.167;1;3;.333;8;1;1;0;2;1;10
23;50;3;4;.750;0;0;;2;2;1.000;1;1;1;0;1;1;8
23;54;1;2;.500;0;0;;0;0;;4;0;0;0;3;1;2
23;39;0;1;.000;0;1;.000;0;0;;2;0;0;0;0;2;0
23;105;9;19;.474;1;3;.333;1;4;.250;1;3;4;0;5;2;20
23;108;5;12;.417;1;4;.250;4;5;.800;8;5;1;1;3;4;15
23;114;4;11;.364;1;3;.333;1;2;.500;5;7;7;1;0;4;10
23;119;6;9;.667;0;0;;1;3;.333;13;0;0;1;4;4;13
23;109;0;1;.000;0;0;;0;0;;0;1;0;0;0;2;0
23;82;10;22;.455;0;0;;5;6;.833;3;1;3;0;2;3;25
23;106;3;7;.429;3;6;.500;1;1;1.000;2;1;1;0;2;2;10
23;121;3;9;.333;1;3;.333;0;2;.000;6;3;1;0;2;5;7
23;103;1;3;.333;0;0;;0;2;.000;5;0;0;1;1;3;2
23;113;0;1;.000;0;0;;0;0;;0;0;1;0;0;3;0
24;315;9;21;.429;3;8;.375;8;10;.800;7;7;1;0;4;2;29
24;307;2;5;.400;2;5;.400;0;0;;4;0;2;0;0;0;6
24;323;7;11;.636;1;3;.333;2;2;1.000;3;6;0;0;1;6;17
24;312;3;6;.500;0;0;;1;6;.167;11;1;0;1;0;1;7
24;326;1;6;.167;0;4;.000;2;2;1.000;5;1;0;1;1;1;4
24;313;5;16;.313;3;9;.333;2;3;.667;2;1;0;0;1;2;15
24;314;4;8;.500;2;6;.333;0;0;;1;0;0;0;0;4;10
24;306;4;6;.667;4;6;.667;0;0;;3;1;1;1;2;1;12
24;316;2;2;1.000;0;0;;0;0;;2;0;0;0;1;1;4
24;318;0;0;;0;0;;1;2;.500;0;0;0;0;0;0;1
24;308;0;0;;0;0;;0;0;;1;1;0;0;0;0;0
24;324;0;0;;0;0;;0;0;;0;0;0;0;0;0;0
24;445;10;19;.526;4;6;.667;4;6;.667;7;5;1;0;1;2;28
24;454;9;14;.643;3;5;.600;2;3;.667;3;8;1;0;1;4;23
24;455;5;13;.385;1;2;.500;7;7;1.000;16;3;1;2;3;4;18
24;456;7;11;.636;4;6;.667;2;4;.500;5;5;1;1;1;1;20
24;449;1;4;.250;0;0;;0;0;;4;1;0;0;0;2;2
24;77;8;16;.500;1;2;.500;0;0;;0;2;2;0;1;1;17
24;446;2;7;.286;1;3;.333;1;2;.500;3;2;1;0;0;1;6
24;447;2;3;.667;1;1;1.000;0;0;;0;2;2;0;0;1;5
24;450;1;1;1.000;0;0;;0;0;;2;1;0;0;0;0;2
24;442;0;1;.000;0;1;.000;0;0;;1;0;0;0;0;0;0
24;443;0;1;.000;0;1;.000;0;0;;0;0;0;0;0;0;0
25;356;15;22;.682;2;3;.667;6;7;.857;2;3;0;0;2;5;38
25;355;7;16;.438;1;5;.200;4;5;.800;5;6;2;0;1;3;19
25;361;6;12;.500;1;3;.333;2;2;1.000;1;5;0;0;2;4;15
25;347;11;20;.550;5;11;.455;0;0;;6;1;2;0;0;4;27
25;358;9;13;.692;0;0;;0;0;;11;2;3;2;0;6;18
25;349;1;6;.167;0;2;.000;0;0;;1;3;1;0;0;2;2
25;351;0;1;.000;0;0;;1;2;.500;5;0;0;0;0;2;1
25;350;0;2;.000;0;2;.000;0;0;;0;0;0;0;0;1;0
25;348;1;3;.333;1;1;1.000;0;0;;2;0;0;0;1;1;3
25;412;15;23;.652;2;7;.286;9;12;.750;3;8;0;0;7;1;41
25;418;4;8;.500;1;3;.333;1;2;.500;11;1;2;3;1;3;10
25;408;15;23;.652;2;4;.500;15;17;.882;10;1;0;3;2;4;47
25;422;3;7;.429;0;1;.000;1;1;1.000;7;16;0;0;2;2;7
25;419;5;10;.500;1;3;.333;3;3;1.000;3;1;3;0;1;3;14
25;417;1;2;.500;1;2;.500;0;0;;4;0;0;0;0;1;3
25;411;1;2;.500;1;2;.500;3;4;.750;4;1;0;0;1;3;6
25;403;1;3;.333;1;3;.333;0;0;;1;0;0;0;0;4;3
26;371;7;16;.438;3;8;.375;6;6;1.000;2;3;2;0;3;2;23
26;379;5;17;.294;1;4;.250;3;4;.750;11;9;2;0;8;2;14
26;365;6;10;.600;2;4;.500;0;0;;4;0;3;0;0;3;14
26;366;3;6;.500;1;2;.500;2;2;1.000;6;1;1;1;1;4;9
26;364;4;6;.667;0;0;;0;0;;2;0;0;1;1;4;8
26;369;5;10;.500;4;5;.800;0;0;;1;2;1;1;0;0;14
26;376;3;3;1.000;2;2;1.000;0;0;;3;0;1;0;3;3;8
26;372;2;6;.333;0;1;.000;3;7;.429;3;0;1;0;1;3;7
26;363;0;2;.000;0;1;.000;0;0;;0;1;0;0;0;2;0
26;370;1;1;1.000;1;1;1.000;0;0;;1;1;0;0;0;0;3
26;374;1;1;1.000;0;0;;0;0;;0;0;0;0;0;0;2
26;375;0;0;;0;0;;0;0;;0;0;0;0;0;0;0
26;385;6;8;.750;0;0;;6;8;.750;12;2;1;1;1;3;18
26;396;9;18;.500;2;9;.222;6;7;.857;11;10;2;1;4;1;26
26;391;9;20;.450;4;7;.571;0;0;;11;2;2;1;5;4;22
26;384;4;5;.800;0;0;;3;6;.500;5;2;1;1;1;1;11
26;387;7;15;.467;5;10;.500;2;2;1.000;3;4;1;0;1;4;21
26;64;2;5;.400;0;3;.000;0;0;;1;0;2;0;1;2;4
26;395;2;3;.667;2;3;.667;1;4;.250;1;2;2;1;1;2;7
26;383;2;4;.500;0;1;.000;0;0;;2;2;0;0;3;1;4
26;388;0;0;;0;0;;0;0;;2;0;1;0;1;1;0
26;399;0;0;;0;0;;0;0;;0;0;0;0;1;1;0
26;381;1;2;.500;0;1;.000;0;0;;0;0;0;0;0;0;2
26;393;0;0;;0;0;;0;0;;0;0;0;0;0;0;0
26;398;0;0;;0;0;;0;0;;0;0;0;0;0;0;0
27;70;12;22;.545;0;5;.000;8;9;.889;13;7;0;2;1;3;32
27;79;4;12;.333;4;10;.400;0;0;;6;0;0;0;2;3;12
27;72;2;10;.200;0;3;.000;1;2;.500;11;1;2;1;2;3;5
27;71;4;9;.444;4;9;.444;6;7;.857;3;1;0;2;0;1;18
27;62;2;4;.500;1;2;.500;0;0;;2;2;0;0;1;2;5
27;66;3;5;.600;1;2;.500;1;2;.500;4;4;0;1;1;1;8
27;63;5;9;.556;2;3;.667;0;0;;2;1;0;0;1;2;12
27;73;2;4;.500;0;0;;2;2;1.000;3;0;2;1;1;0;6
27;69;1;2;.500;0;0;;4;4;1.000;0;0;0;0;1;2;6
27;81;0;1;.000;0;0;;0;0;;1;1;0;0;1;1;0
27;93;5;20;.250;3;8;.375;4;5;.800;6;5;0;2;3;1;17
27;102;5;12;.417;1;2;.500;1;4;.250;16;1;3;2;0;3;12
27;85;4;13;.308;2;8;.250;0;0;;6;2;0;0;1;3;10
27;87;5;14;.357;1;5;.200;1;1;1.000;5;8;1;0;0;1;12
27;99;7;9;.778;3;4;.750;0;0;;2;0;1;0;1;4;17
27;96;9;12;.750;1;1;1.000;0;1;.000;6;0;0;0;2;1;19
27;97;5;11;.455;1;4;.250;0;0;;2;6;1;1;1;4;11
27;89;0;2;.000;0;1;.000;0;0;;2;3;1;0;0;2;0
27;42;0;0;;0;0;;2;2;1.000;2;0;0;0;0;0;2
28;22;13;24;.542;5;8;.625;3;4;.750;8;1;3;0;1;2;34
28;26;4;8;.500;0;1;.000;5;5;1.000;9;4;0;2;2;2;13
28;36;7;16;.438;2;5;.400;5;6;.833;3;3;2;0;1;4;21
28;33;3;12;.250;2;10;.200;2;2;1.000;5;8;1;1;1;2;10
28;20;4;6;.667;0;1;.000;1;2;.500;11;2;0;0;1;2;9
28;30;4;14;.286;1;1;1.000;4;6;.667;4;0;0;0;1;5;13
28;32;1;4;.250;0;2;.000;0;0;;1;0;0;0;0;0;2
28;28;0;1;.000;0;0;;0;0;;0;4;0;0;0;0;0
28;38;0;1;.000;0;1;.000;0;0;;0;0;0;0;0;4;0
28;29;0;1;.000;0;0;;0;0;;2;0;0;0;1;0;0
28;122;12;20;.600;0;2;.000;3;6;.500;7;5;0;0;2;4;27
28;133;8;14;.571;3;5;.600;4;4;1.000;6;2;2;2;2;3;23
28;123;3;9;.333;1;2;.500;2;3;.667;1;5;1;2;1;3;9
28;125;4;7;.571;1;3;.333;1;1;1.000;4;2;0;0;1;2;10
28;145;1;2;.500;0;0;;2;2;1.000;4;1;1;2;0;4;4
28;132;3;6;.500;2;5;.400;0;0;;2;1;0;5;1;3;8
28;137;5;10;.500;2;3;.667;4;6;.667;7;1;2;3;0;2;16
28;140;1;2;.500;1;2;.500;0;0;;2;3;0;0;1;3;3
28;127;1;3;.333;0;1;.000;2;2;1.000;3;4;1;0;1;0;4
29;344;4;16;.250;2;6;.333;2;2;1.000;5;1;1;0;3;2;12
29;336;4;14;.286;1;6;.167;0;0;;18;9;1;0;5;4;9
29;335;12;28;.429;4;13;.308;6;7;.857;13;2;0;1;3;0;34
29;337;0;3;.000;0;1;.000;4;4;1.000;6;2;1;0;2;4;4
29;342;3;6;.500;0;0;;1;2;.500;7;0;0;0;2;3;7
29;339;5;9;.556;0;0;;0;0;;3;2;2;0;0;3;10
29;333;1;2;.500;0;1;.000;2;2;1.000;1;1;0;1;0;1;4
29;345;4;6;.667;0;0;;0;0;;3;1;1;0;1;2;8
29;340;1;5;.200;0;0;;0;0;;5;1;0;0;0;2;2
29;346;0;1;.000;0;1;.000;0;0;;0;0;0;0;0;1;0
29;424;7;19;.368;3;3;1.000;5;5;1.000;10;0;1;1;1;2;22
29;430;7;15;.467;0;2;.000;0;1;.000;7;2;2;0;1;3;14
29;437;3;8;.375;3;7;.429;0;1;.000;0;5;1;0;1;4;9
29;438;4;8;.500;3;4;.750;1;2;.500;4;2;1;1;1;1;12
29;432;2;7;.286;2;5;.400;0;0;;2;0;0;1;0;2;6
29;431;5;10;.500;3;5;.600;3;4;.750;3;5;0;0;1;3;16
29;429;1;2;.500;1;1;1.000;2;2;1.000;5;4;0;0;1;0;5
29;425;4;4;1.000;0;0;;2;2;1.000;3;0;0;1;0;2;10
29;439;4;7;.571;0;0;;1;2;.500;0;2;1;0;1;0;9
29;426;0;1;.000;0;1;.000;0;0;;0;0;0;0;1;1;0
30;7;7;15;.467;4;6;.667;1;1;1.000;7;5;2;0;2;5;19
30;4;10;29;.345;1;4;.250;14;18;.778;6;6;1;0;4;2;35
30;6;2;5;.400;1;2;.500;2;4;.500;10;0;1;2;4;3;7
30;1;2;3;.667;0;0;;0;0;;1;1;2;0;0;3;4
30;16;4;6;.667;0;0;;3;3;1.000;3;0;0;1;3;3;11
30;18;3;7;.429;1;3;.333;0;0;;3;5;1;1;0;1;7
30;12;4;6;.667;0;0;;2;2;1.000;7;1;1;0;2;6;10
30;9;1;4;.250;0;3;.000;0;0;;1;1;1;0;3;3;2
30;15;1;4;.250;0;0;;1;2;.500;3;0;0;3;0;0;3
30;161;10;24;.417;0;1;.000;7;10;.700;6;14;4;0;4;2;27
30;155;4;8;.500;2;3;.667;2;4;.500;6;1;1;2;1;1;12
30;146;10;19;.526;5;7;.714;6;7;.857;5;2;0;0;4;6;31
30;153;3;7;.429;0;1;.000;0;0;;5;1;1;3;1;4;6
30;148;6;8;.750;0;0;;0;3;.000;6;1;0;0;1;3;12
30;154;2;6;.333;0;1;.000;6;7;.857;5;2;2;0;1;2;10
30;149;0;4;.000;0;0;;0;0;;1;1;2;0;0;0;0
30;158;2;5;.400;0;3;.000;0;0;;2;1;0;1;1;3;4
30;150;2;3;.667;0;0;;0;0;;3;0;0;2;0;1;4
30;157;0;1;.000;0;1;.000;0;0;;1;0;0;0;0;1;0
31;323;9;17;.529;3;5;.600;4;4;1.000;6;6;5;0;1;1;25
31;315;12;26;.462;5;11;.455;7;7;1.000;4;3;4;1;1;4;36
31;307;4;10;.400;3;8;.375;4;4;1.000;2;3;1;0;0;4;15
31;312;6;11;.545;0;0;;2;4;.500;17;3;0;4;1;2;14
31;326;1;3;.333;1;2;.500;0;0;;4;0;0;1;0;1;3
31;313;6;14;.429;4;10;.400;2;2;1.000;1;2;1;0;0;0;18
31;306;0;3;.000;0;3;.000;0;0;;1;1;0;0;0;2;0
31;314;0;3;.000;0;3;.000;2;2;1.000;4;0;0;0;2;1;2
31;316;1;3;.333;0;0;;2;3;.667;5;2;0;0;1;1;4
31;320;1;1;1.000;0;0;;0;0;;0;0;0;0;0;0;2
31;308;0;0;;0;0;;0;0;;1;0;0;0;0;0;0
31;318;0;1;.000;0;1;.000;0;0;;1;0;0;0;0;1;0
31;445;7;17;.412;1;4;.250;4;5;.800;9;5;0;0;1;2;19
31;455;9;15;.600;0;2;.000;4;6;.667;15;2;0;0;5;3;22
31;456;5;14;.357;1;5;.200;3;4;.750;3;1;0;0;1;2;14
31;454;1;7;.143;0;3;.000;0;0;;1;5;0;0;3;4;2
31;449;1;1;1.000;0;0;;0;0;;3;0;0;0;0;1;2
31;77;7;11;.636;2;2;1.000;1;2;.500;6;4;0;0;4;2;17
31;446;4;10;.400;1;2;.500;1;2;.500;2;4;3;0;2;3;10
31;442;2;4;.500;2;2;1.000;1;2;.500;3;1;1;0;0;3;7
31;447;1;2;.500;1;2;.500;0;0;;5;1;0;1;0;2;3
31;443;2;2;1.000;0;0;;0;2;.000;0;0;0;0;0;0;4
31;448;0;1;.000;0;0;;0;0;;1;0;0;0;0;0;0
32;371;9;21;.429;2;9;.222;12;12;1.000;6;2;2;0;6;3;32
32;365;5;18;.278;0;6;.000;1;1;1.000;6;0;1;2;1;2;11
32;379;7;18;.389;0;3;.000;9;11;.818;14;3;0;0;5;5;23
32;364;4;9;.444;0;0;;1;2;.500;7;1;0;2;0;0;9
32;366;1;2;.500;1;2;.500;0;0;;0;0;1;1;0;3;3
32;372;3;7;.429;0;1;.000;0;0;;3;1;1;1;0;3;6
32;363;3;3;1.000;2;2;1.000;2;2;1.000;3;0;2;0;0;1;10
32;369;1;5;.200;0;2;.000;0;2;.000;1;1;1;0;2;3;2
32;376;0;1;.000;0;1;.000;0;0;;4;2;0;0;0;1;0
32;374;0;0;;0;0;;0;0;;2;0;0;0;0;0;0
32;375;0;0;;0;0;;0;0;;0;0;0;0;0;0;0
32;370;0;0;;0;0;;0;0;;0;0;0;0;0;0;0
32;391;13;28;.464;3;8;.375;4;5;.800;7;4;0;1;0;3;33
32;396;4;12;.333;1;6;.167;4;5;.800;6;8;1;1;4;2;13
32;385;7;11;.636;0;0;;2;2;1.000;10;1;1;1;2;4;16
32;384;6;9;.667;0;0;;1;2;.500;4;0;1;2;0;2;13
32;387;6;12;.500;5;11;.455;3;5;.600;3;4;1;1;1;2;20
32;64;2;10;.200;1;4;.250;1;2;.500;7;3;3;0;3;3;6
32;395;3;5;.600;2;3;.667;2;2;1.000;9;0;0;1;0;4;10
32;383;0;3;.000;0;1;.000;2;2;1.000;2;1;0;0;1;1;2
32;388;0;0;;0;0;;0;0;;1;0;0;0;0;2;0
32;399;0;0;;0;0;;0;2;.000;0;0;0;0;0;0;0
32;381;0;1;.000;0;1;.000;0;0;;0;0;0;0;0;0;0
32;393;0;0;;0;0;;0;0;;0;0;0;0;0;0;0
33;122;5;10;.500;0;0;;6;9;.667;10;9;2;2;2;4;16
33;133;9;21;.429;3;6;.500;2;3;.667;3;2;0;0;1;4;23
33;123;5;15;.333;2;5;.400;4;6;.667;5;3;3;1;1;1;16
33;125;1;5;.200;0;2;.000;0;0;;1;3;0;0;2;1;2
33;145;0;0;;0;0;;0;0;;3;1;1;0;0;1;0
33;137;7;15;.467;2;7;.286;1;1;1.000;8;2;1;0;2;3;17
33;132;1;5;.200;0;3;.000;0;0;;2;0;0;0;0;6;2
33;127;0;2;.000;0;2;.000;0;0;;1;1;1;0;2;1;0
33;140;0;5;.000;0;5;.000;0;0;;1;0;1;0;0;1;0
33;135;4;9;.444;2;3;.667;1;1;1.000;3;0;1;0;1;1;11
33;22;5;13;.385;3;8;.375;1;2;.500;6;2;2;1;0;4;14
33;26;7;15;.467;2;5;.400;6;10;.600;14;3;0;2;6;3;22
33;33;4;10;.400;2;6;.333;6;8;.750;3;5;1;1;2;2;16
33;32;1;3;.333;1;3;.333;2;2;1.000;7;0;0;0;1;4;5
33;36;2;7;.286;1;3;.333;3;3;1.000;3;4;0;0;0;3;8
33;30;4;10;.400;1;4;.250;1;2;.500;8;2;1;0;1;0;10
33;35;2;7;.286;0;2;.000;5;5;1.000;5;4;1;3;5;2;9
33;28;2;2;1.000;0;0;;0;0;;2;2;2;0;1;2;4
33;20;2;2;1.000;0;0;;0;0;;2;0;0;0;1;1;4
34;424;8;18;.444;0;2;.000;14;14;1.000;12;4;1;0;2;3;30
34;437;7;15;.467;4;10;.400;0;0;;5;0;0;0;1;3;18
34;430;4;15;.267;1;4;.250;0;0;;4;2;0;0;2;4;9
34;438;2;6;.333;0;1;.000;2;3;.667;8;0;0;0;0;2;6
34;432;0;5;.000;0;4;.000;0;0;;1;0;0;0;1;1;0
34;431;3;7;.429;1;4;.250;3;3;1.000;5;7;0;0;2;3;10
34;429;0;3;.000;0;0;;1;2;.500;6;3;0;0;1;0;1
34;425;5;5;1.000;0;0;;0;0;;4;0;3;0;3;3;10
34;426;1;3;.333;1;3;.333;0;0;;2;3;1;0;0;1;3
34;439;2;7;.286;0;1;.000;0;0;;1;1;0;0;1;1;4
34;428;0;2;.000;0;1;.000;0;0;;0;1;0;0;0;1;0
34;344;11;22;.500;1;5;.200;1;1;1.000;5;4;0;1;2;2;24
34;335;8;19;.421;1;8;.125;8;8;1.000;6;5;1;2;5;1;25
34;336;5;11;.455;2;7;.286;5;7;.714;19;7;0;0;1;5;17
34;337;3;8;.375;1;4;.250;0;0;;2;3;1;0;0;3;7
34;342;2;5;.400;0;0;;0;0;;4;1;0;1;0;1;4
34;340;2;5;.400;0;1;.000;4;7;.571;3;1;1;0;0;4;8
34;345;2;4;.500;0;0;;0;0;;7;3;2;1;1;2;4
34;339;4;7;.571;0;0;;0;0;;1;1;0;0;1;0;8
34;333;0;1;.000;0;1;.000;2;2;1.000;0;0;0;0;0;1;2
34;346;0;1;.000;0;1;.000;0;0;;0;0;0;0;0;0;0
35;105;6;16;.375;2;6;.333;1;2;.500;1;5;0;0;5;3;15
35;108;2;5;.400;0;2;.000;0;0;;5;5;1;2;1;5;4
35;109;7;11;.636;2;4;.500;0;1;.000;1;1;1;0;0;6;16
35;119;0;4;.000;0;0;;2;4;.500;5;0;0;1;1;3;2
35;114;0;1;.000;0;0;;0;0;;0;0;0;1;0;3;0
35;113;7;16;.438;1;7;.143;3;5;.600;8;6;3;1;1;5;18
35;82;4;15;.267;0;2;.000;3;4;.750;5;5;1;0;1;1;11
35;121;3;9;.333;2;6;.333;4;4;1.000;7;2;1;0;1;1;12
35;106;3;8;.375;3;7;.429;0;0;;1;0;0;1;1;1;9
35;103;2;2;1.000;0;0;;0;2;.000;4;0;0;0;0;2;4
35;111;0;1;.000;0;1;.000;0;0;;3;0;0;0;0;2;0
35;59;4;10;.400;0;0;;6;7;.857;10;6;2;1;3;4;14
35;43;4;10;.400;2;6;.333;0;0;;5;3;0;0;1;2;10
35;57;6;13;.462;5;10;.500;10;10;1.000;0;2;0;0;2;2;27
35;45;8;14;.571;0;0;;3;5;.600;12;1;2;1;4;5;19
35;58;2;9;.222;0;5;.000;4;4;1.000;5;5;0;0;2;2;8
35;48;2;5;.400;0;2;.000;1;2;.500;10;4;2;0;1;4;5
35;41;4;12;.333;0;3;.000;3;4;.750;3;3;0;0;0;0;11
35;54;2;3;.667;0;0;;0;1;.000;3;3;1;0;0;1;4
35;50;2;3;.667;0;0;;2;3;.667;4;0;0;0;1;0;6
35;39;0;2;.000;0;2;.000;0;0;;1;0;0;0;1;0;0
36;93;2;15;.133;1;7;.143;7;9;.778;12;4;1;0;2;2;12
36;85;4;9;.444;3;5;.600;0;0;;1;3;1;0;4;3;11
36;102;8;9;.889;0;1;.000;0;1;.000;6;1;0;0;2;5;16
36;87;1;5;.200;0;1;.000;2;3;.667;1;3;1;0;0;0;4
36;99;3;4;.750;0;0;;2;2;1.000;3;0;0;2;3;5;8
36;96;8;12;.667;0;0;;6;8;.750;5;2;1;0;1;2;22
36;89;2;6;.333;0;2;.000;2;2;1.000;5;6;2;1;1;0;6
36;97;4;8;.500;2;4;.500;2;2;1.000;0;4;0;0;1;3;12
36;42;2;3;.667;0;0;;0;0;;1;0;1;0;0;2;4
36;70;14;24;.583;1;4;.250;15;15;1.000;10;8;1;1;5;3;44
36;72;2;11;.182;1;3;.333;6;6;1.000;10;1;0;0;2;2;11
36;79;0;8;.000;0;6;.000;0;0;;2;3;2;0;2;3;0
36;71;6;11;.545;5;9;.556;2;2;1.000;6;0;1;0;1;2;19
36;62;2;6;.333;2;5;.400;0;0;;2;0;2;0;1;4;6
36;69;1;4;.250;0;1;.000;2;2;1.000;1;1;0;1;1;3;4
36;66;2;3;.667;1;2;.500;0;0;;2;1;0;0;0;1;5
36;73;2;3;.667;0;0;;1;2;.500;3;1;0;1;0;2;5
36;63;2;5;.400;0;2;.000;0;0;;1;1;0;0;2;1;4
37;456;5;14;.357;1;4;.250;3;6;.500;4;0;0;0;2;4;14
37;454;6;14;.429;3;5;.600;2;4;.500;4;7;0;0;1;3;17
37;455;9;14;.643;1;2;.500;4;4;1.000;14;4;0;1;2;4;23
37;445;4;10;.400;0;1;.000;0;0;;5;5;1;1;0;0;8
37;449;5;7;.714;0;0;;0;0;;2;0;0;1;0;2;10
37;446;8;10;.800;2;3;.667;2;2;1.000;2;2;1;0;3;1;20
37;77;3;7;.429;2;3;.667;4;4;1.000;0;2;0;0;0;3;12
37;447;0;2;.000;0;0;;0;0;;4;0;0;0;0;1;0
37;450;0;1;.000;0;1;.000;0;0;;2;3;0;0;0;0;0
37;442;0;0;;0;0;;0;0;;1;0;0;0;0;0;0
37;448;0;0;;0;0;;0;0;;0;0;0;0;0;0;0
37;307;5;11;.455;4;7;.571;2;2;1.000;4;3;0;0;0;4;16
37;315;8;21;.381;4;11;.364;4;4;1.000;5;12;2;2;3;2;24
37;323;6;16;.375;0;8;.000;0;0;;5;9;0;0;0;1;12
37;312;12;14;.857;0;0;;2;4;.500;15;1;0;1;0;1;26
37;326;5;8;.625;5;7;.714;0;0;;3;2;0;0;1;4;15
37;313;5;11;.455;3;7;.429;6;7;.857;1;0;1;1;0;3;19
37;306;2;3;.667;1;2;.500;0;0;;3;1;0;0;0;0;5
37;316;1;2;.500;0;0;;0;2;.000;2;0;0;0;0;1;2
37;314;1;2;.500;1;2;.500;0;0;;2;0;0;1;0;1;3
37;318;0;0;;0;0;;0;0;;0;1;0;0;0;0;0
37;308;0;0;;0;0;;0;0;;0;0;0;0;0;0;0
37;324;0;0;;0;0;;0;0;;0;0;0;0;0;0;0
38;387;5;11;.455;4;9;.444;2;2;1.000;4;3;0;0;2;2;16
38;391;9;22;.409;1;7;.143;4;4;1.000;5;3;3;1;1;2;23
38;396;4;14;.286;2;5;.400;0;2;.000;12;7;0;0;4;4;10
38;385;3;8;.375;0;0;;5;6;.833;10;1;1;2;3;5;11
38;384;2;3;.667;0;0;;6;8;.750;5;0;0;1;4;5;10
38;64;9;19;.474;6;14;.429;3;4;.750;8;3;1;0;1;2;27
38;395;0;3;.000;0;3;.000;0;0;;1;2;0;1;1;2;0
38;388;0;0;;0;0;;0;0;;0;0;0;0;0;2;0
38;399;1;1;1.000;0;0;;0;0;;1;0;0;1;0;0;2
38;383;0;0;;0;0;;0;0;;0;0;0;0;0;0;0
38;371;12;26;.462;2;6;.333;8;10;.800;8;2;2;1;2;5;34
38;379;17;39;.436;5;9;.556;6;6;1.000;15;7;0;0;5;3;45
38;364;2;6;.333;0;0;;2;2;1.000;6;1;2;0;0;1;6
38;365;2;6;.333;0;2;.000;3;4;.750;5;0;2;0;0;2;7
38;366;2;4;.500;1;2;.500;0;0;;3;1;0;0;0;3;5
38;363;1;3;.333;1;2;.500;0;0;;4;1;2;1;0;2;3
38;372;2;2;1.000;0;0;;0;0;;2;0;1;0;0;1;4
38;376;0;0;;0;0;;0;0;;0;0;0;0;0;2;0
38;369;1;2;.500;0;0;;0;0;;1;1;0;0;1;1;2
38;374;0;1;.000;0;0;;1;2;.500;0;0;0;1;0;1;1
39;161;10;21;.476;0;4;.000;6;7;.857;9;9;1;3;7;4;26
39;146;8;20;.400;3;8;.375;1;2;.500;4;3;1;0;3;2;20
39;148;4;9;.444;0;0;;2;2;1.000;12;2;0;1;1;4;10
39;155;4;9;.444;0;3;.000;1;2;.500;4;2;1;0;1;1;9
39;153;2;8;.250;0;2;.000;2;2;1.000;9;0;1;0;2;2;6
39;154;3;11;.273;1;7;.143;7;7;1.000;1;0;1;0;0;3;14
39;149;2;4;.500;0;1;.000;0;0;;2;4;0;0;0;0;4
39;158;3;5;.600;1;1;1.000;0;0;;4;0;0;0;0;1;7
39;150;1;1;1.000;0;0;;0;0;;3;0;1;0;0;0;2
39;157;0;2;.000;0;0;;0;0;;2;1;0;0;1;1;0
39;4;12;24;.500;3;4;.750;5;6;.833;2;5;0;0;4;2;32
39;7;7;13;.538;3;6;.500;0;2;.000;2;10;3;0;1;2;17
39;16;5;13;.385;0;0;;4;4;1.000;13;2;1;2;0;1;14
39;6;1;3;.333;0;1;.000;1;2;.500;2;1;0;0;1;3;3
39;1;1;4;.250;1;4;.250;0;0;;3;0;1;1;2;3;3
39;18;6;10;.600;2;2;1.000;4;4;1.000;5;1;2;1;2;0;18
39;9;2;7;.286;2;7;.286;2;2;1.000;4;2;1;1;0;1;8
39;12;3;5;.600;0;0;;3;6;.500;3;2;1;0;0;1;9
39;15;1;2;.500;0;0;;2;2;1.000;1;2;0;0;0;3;4
39;13;0;1;.000;0;1;.000;0;0;;0;1;0;0;0;2;0
40;22;6;15;.400;1;6;.167;1;3;.333;5;0;0;1;2;5;14
40;33;5;17;.294;4;12;.333;2;2;1.000;7;5;1;0;1;3;16
40;26;4;8;.500;2;4;.500;0;0;;10;4;0;2;2;4;10
40;36;6;14;.429;2;6;.333;8;9;.889;3;3;2;0;3;3;22
40;32;0;1;.000;0;1;.000;0;0;;4;0;0;0;0;1;0
40;30;5;14;.357;1;4;.250;3;3;1.000;1;2;0;0;0;2;14
40;35;2;9;.222;0;3;.000;2;2;1.000;2;1;0;0;1;1;6
40;20;1;1;1.000;0;0;;0;0;;4;1;0;0;0;0;2
40;28;1;1;1.000;0;0;;0;0;;1;2;0;0;0;0;2
40;29;0;1;.000;0;0;;0;0;;1;0;0;0;0;0;0
40;38;0;0;;0;0;;0;0;;1;0;0;0;0;0;0
40;31;0;0;;0;0;;0;0;;0;0;0;0;0;0;0
40;122;13;23;.565;0;2;.000;5;8;.625;14;4;1;0;0;1;31
40;133;7;8;.875;2;2;1.000;0;0;;5;1;1;0;4;5;16
40;123;3;10;.300;1;4;.250;2;4;.500;0;4;1;1;2;0;9
40;125;5;7;.714;1;1;1.000;5;7;.714;6;2;0;0;0;2;16
40;132;2;6;.333;0;4;.000;0;0;;7;0;1;1;3;5;4
40;137;4;10;.400;1;3;.333;0;0;;11;2;1;0;0;0;9
40;140;2;6;.333;2;6;.333;0;0;;2;0;1;1;0;1;6
40;127;1;4;.250;1;4;.250;0;0;;0;6;0;0;0;2;3
40;145;1;1;1.000;0;0;;1;2;.500;3;0;0;0;0;0;3
41;70;7;16;.438;3;6;.500;5;5;1.000;5;7;1;2;4;3;22
41;79;3;9;.333;3;8;.375;0;0;;3;0;0;0;2;3;9
41;71;2;4;.500;2;4;.500;0;0;;1;1;0;0;2;0;6
41;72;3;10;.300;1;4;.250;0;0;;7;0;0;0;2;1;7
41;62;0;2;.000;0;2;.000;0;0;;1;1;1;0;0;1;0
41;69;6;12;.500;0;2;.000;0;0;;3;1;0;0;2;4;12
41;63;2;8;.250;0;4;.000;1;2;.500;1;4;0;0;0;0;5
41;66;4;9;.444;3;6;.500;2;4;.500;2;1;0;0;0;1;13
41;73;3;3;1.000;0;0;;0;1;.000;6;0;1;0;0;2;6
41;81;1;2;.500;0;0;;1;2;.500;4;1;0;0;1;0;3
41;74;1;3;.333;0;2;.000;0;2;.000;0;0;1;0;0;2;2
41;83;1;1;1.000;0;0;;0;0;;0;0;0;0;1;0;2
41;93;11;19;.579;6;8;.750;0;0;;13;10;4;0;2;1;28
41;102;4;6;.667;0;1;.000;2;4;.500;6;1;2;0;1;2;10
41;85;4;12;.333;2;7;.286;0;0;;4;1;0;0;0;2;10
41;99;4;6;.667;1;1;1.000;3;4;.750;4;2;0;1;0;2;12
41;87;6;9;.667;3;4;.750;0;0;;2;5;0;0;2;1;15
41;97;5;12;.417;2;7;.286;0;2;.000;2;6;1;0;0;2;12
41;96;9;11;.818;0;0;;1;2;.500;6;0;0;0;1;4;19
41;89;4;9;.444;1;2;.500;0;0;;4;2;2;0;1;1;9
41;42;1;2;.500;0;0;;2;2;1.000;3;0;0;0;0;2;4
41;95;1;1;1.000;0;0;;0;0;;1;0;0;0;0;0;2
41;90;0;0;;0;0;;0;0;;0;0;0;0;0;0;0
41;101;0;0;;0;0;;0;0;;0;0;0;0;0;1;0
42;371;2;16;.125;0;6;.000;1;2;.500;3;8;1;0;6;3;5
42;379;18;43;.419;7;19;.368;3;6;.500;10;5;2;0;5;3;46
42;364;9;11;.818;0;0;;1;1;1.000;16;3;1;1;1;3;19
42;365;3;7;.429;0;0;;1;2;.500;3;0;0;0;1;2;7
42;366;1;2;.500;0;1;.000;0;0;;0;0;0;1;0;2;2
42;372;3;6;.500;2;4;.500;1;2;.500;3;2;0;1;0;4;9
42;363;0;3;.000;0;2;.000;0;0;;6;0;1;1;0;1;0
42;369;1;5;.200;1;2;.500;0;0;;7;2;0;0;0;1;3
42;374;0;0;;0;0;;0;0;;1;0;1;0;0;2;0
42;376;0;0;;0;0;;0;0;;0;0;0;0;0;0;0
42;387;4;11;.364;3;6;.500;1;2;.500;7;5;2;0;3;2;12
42;391;14;26;.538;5;8;.625;5;5;1.000;4;2;1;0;5;5;38
42;385;5;9;.556;0;0;;2;3;.667;13;0;2;3;1;1;12
42;384;6;9;.667;0;1;.000;1;7;.143;8;1;1;2;0;2;13
42;396;0;1;.000;0;1;.000;0;0;;1;3;0;0;0;0;0
42;64;2;10;.200;1;5;.200;0;0;;2;2;0;0;1;4;5
42;395;2;4;.500;0;1;.000;1;3;.333;2;2;1;0;1;2;5
42;381;4;9;.444;1;3;.333;2;3;.667;1;1;1;0;1;1;11
42;388;0;3;.000;0;1;.000;0;0;;2;0;1;0;0;0;0
42;383;0;0;;0;0;;0;0;;0;0;0;0;1;0;0
43;4;6;18;.333;0;4;.000;4;4;1.000;2;4;0;0;0;2;16
43;7;9;15;.600;3;7;.429;3;4;.750;6;6;1;0;2;2;24
43;16;6;13;.462;0;0;;2;2;1.000;12;0;1;2;1;3;14
43;6;3;10;.300;1;3;.333;0;0;;3;1;0;1;0;1;7
43;1;2;3;.667;1;2;.500;2;2;1.000;1;0;0;0;0;1;7
43;18;2;6;.333;0;0;;0;0;;4;2;4;1;1;0;4
43;15;5;6;.833;0;0;;1;3;.333;8;0;1;2;0;3;11
43;9;3;7;.429;1;3;.333;0;0;;0;0;1;0;1;2;7
43;17;2;7;.286;1;5;.200;0;0;;4;4;0;0;1;1;5
43;12;2;5;.400;0;1;.000;3;4;.750;7;1;0;0;0;5;7
43;146;10;22;.455;6;10;.600;6;6;1.000;3;1;0;2;6;3;32
43;161;9;22;.409;1;5;.200;4;4;1.000;5;8;1;1;4;2;23
43;153;5;9;.556;0;2;.000;2;3;.667;15;1;0;1;2;4;12
43;148;0;3;.000;0;0;;2;2;1.000;7;2;0;1;2;1;2
43;154;1;7;.143;1;3;.333;0;0;;3;0;0;0;0;4;3
43;149;2;4;.500;0;1;.000;2;2;1.000;3;0;1;0;0;3;6
43;157;1;3;.333;0;1;.000;0;0;;1;0;0;0;0;1;2
43;158;3;7;.429;0;0;;2;2;1.000;5;0;1;0;0;0;8
43;150;1;2;.500;0;0;;2;2;1.000;0;0;0;0;0;1;4
44;122;7;17;.412;1;4;.250;7;7;1.000;9;5;1;1;4;5;22
44;133;11;18;.611;5;9;.556;5;5;1.000;2;3;0;1;2;5;32
44;123;9;12;.750;1;2;.500;4;4;1.000;4;2;1;0;4;4;23
44;125;1;8;.125;0;2;.000;0;0;;3;4;0;0;1;0;2
44;132;2;4;.500;1;3;.333;0;0;;6;4;0;0;0;1;5
44;137;4;8;.500;0;1;.000;1;2;.500;6;2;2;0;1;4;9
44;142;1;4;.250;1;4;.250;0;0;;1;1;0;0;0;0;3
44;127;0;1;.000;0;1;.000;0;0;;0;0;0;0;1;0;0
44;145;0;0;;0;0;;0;0;;0;0;0;0;0;1;0
44;140;0;1;.000;0;1;.000;0;0;;0;0;0;0;1;0;0
44;135;0;1;.000;0;0;;0;0;;1;0;0;1;1;0;0
44;36;7;17;.412;1;4;.250;5;5;1.000;6;5;0;1;1;1;20
44;33;10;16;.625;5;8;.625;1;3;.333;6;9;1;1;2;1;26
44;26;13;17;.765;0;1;.000;0;2;.000;8;3;1;1;4;3;26
44;32;2;4;.500;1;3;.333;0;0;;5;0;0;0;1;1;5
44;22;1;5;.200;0;3;.000;0;2;.000;1;1;1;0;1;2;2
44;35;2;7;.286;0;3;.000;1;1;1.000;4;6;3;1;3;5;5
44;30;4;8;.500;1;2;.500;1;3;.333;4;0;1;0;0;5;10
44;20;4;5;.800;0;0;;0;0;;7;2;1;0;2;4;8
44;28;2;5;.400;1;2;.500;3;3;1.000;1;2;1;0;0;1;8
44;31;0;0;;0;0;;2;2;1.000;0;0;0;0;0;0;2
44;38;0;0;;0;0;;0;0;;0;0;0;0;0;0;0
45;408;9;20;.450;0;1;.000;3;4;.750;10;0;3;2;1;2;21
45;422;4;10;.400;0;2;.000;1;2;.500;8;11;1;1;2;1;9
45;412;4;14;.286;1;4;.250;2;2;1.000;3;4;0;0;0;5;11
45;418;3;9;.333;1;4;.250;2;2;1.000;8;2;1;0;3;2;9
45;419;7;11;.636;1;1;1.000;0;0;;2;0;1;0;1;4;15
45;403;3;10;.300;1;4;.250;0;0;;0;0;0;0;2;4;7
45;417;3;7;.429;2;5;.400;1;1;1.000;3;6;1;0;1;2;9
45;411;1;4;.250;0;1;.000;0;0;;2;0;0;0;1;2;2
45;409;2;4;.500;0;0;;0;0;;3;0;0;0;0;1;4
45;406;6;7;.857;2;3;.667;0;0;;3;1;0;0;1;1;14
45;344;10;22;.455;4;9;.444;3;3;1.000;6;2;0;2;2;2;27
45;335;10;21;.476;3;6;.500;3;4;.750;13;2;0;2;4;2;26
45;336;5;9;.556;1;2;.500;5;6;.833;15;11;3;2;3;2;16
45;337;4;6;.667;1;3;.333;3;5;.600;4;3;0;0;0;1;12
45;346;2;4;.500;2;4;.500;0;0;;1;0;1;0;0;2;6
45;340;1;1;1.000;0;0;;1;4;.250;6;3;1;1;1;3;3
45;339;3;6;.500;0;0;;4;4;1.000;2;3;0;0;0;1;10
45;333;4;9;.444;0;3;.000;3;4;.750;3;3;0;0;1;1;11
45;345;4;7;.571;0;0;;0;0;;2;4;2;1;2;2;8
45;330;0;1;.000;0;0;;0;0;;3;2;1;1;0;0;0
45;342;1;4;.250;0;0;;0;0;;2;0;0;1;0;0;2
45;338;0;1;.000;0;0;;2;2;1.000;0;0;0;0;0;0;2
46;93;10;21;.476;4;9;.444;6;9;.667;12;6;3;0;2;1;30
46;87;9;13;.692;1;3;.333;4;4;1.000;1;2;1;0;2;3;23
46;102;6;13;.462;1;3;.333;1;2;.500;10;4;1;0;2;3;14
46;85;1;9;.111;1;7;.143;0;0;;0;2;1;0;3;5;3
46;99;2;3;.667;0;1;.000;4;5;.800;4;0;0;0;0;6;8
46;96;3;10;.300;0;1;.000;4;4;1.000;5;0;0;0;1;6;10
46;89;1;3;.333;1;2;.500;0;0;;1;1;0;0;1;1;3
46;97;3;6;.500;2;4;.500;0;0;;1;0;0;0;0;2;8
46;42;1;2;.500;0;1;.000;0;0;;3;0;0;0;0;1;2
46;70;16;25;.640;2;3;.667;11;15;.733;8;7;4;0;4;4;45
46;79;3;9;.333;3;8;.375;2;2;1.000;4;2;0;1;1;3;11
46;81;5;6;.833;0;0;;5;6;.833;10;1;1;1;3;2;15
46;72;5;13;.385;4;8;.500;0;0;;6;2;0;0;1;5;14
46;71;1;7;.143;1;5;.200;0;0;;3;2;0;0;1;2;3
46;66;1;5;.200;0;2;.000;3;4;.750;1;1;1;1;0;2;5
46;67;1;3;.333;0;2;.000;9;11;.818;6;3;0;1;1;0;11
46;73;0;2;.000;0;0;;1;2;.500;4;0;0;0;0;2;1
46;63;0;4;.000;0;1;.000;0;0;;1;0;0;0;1;0;0
46;69;0;0;;0;0;;0;0;;1;0;0;0;0;1;0
47;391;9;22;.409;1;7;.143;2;2;1.000;3;5;0;0;4;1;21
47;385;4;4;1.000;0;0;;3;6;.500;9;1;1;0;2;4;11
47;387;6;11;.545;1;3;.333;2;4;.500;6;5;1;1;4;3;15
47;395;2;5;.400;0;2;.000;0;0;;3;4;4;0;2;3;4
47;384;2;5;.400;0;0;;1;2;.500;2;0;2;2;1;1;5
47;64;8;13;.615;5;7;.714;0;1;.000;5;1;2;0;2;3;21
47;381;2;9;.222;0;2;.000;2;3;.667;6;3;1;0;0;2;6
47;383;3;5;.600;0;1;.000;3;4;.750;1;1;0;0;3;1;9
47;393;2;2;1.000;0;0;;0;0;;1;0;0;0;0;1;4
47;388;0;0;;0;0;;0;0;;1;0;0;0;0;1;0
47;399;0;0;;0;0;;0;0;;0;0;0;0;0;0;0
47;315;12;26;.462;7;12;.583;10;11;.909;8;7;1;0;3;2;41
47;312;7;13;.538;0;0;;2;4;.500;12;1;1;1;1;2;16
47;326;6;8;.750;3;5;.600;0;0;;6;0;1;0;0;3;15
47;307;3;6;.500;2;4;.500;0;0;;3;0;0;0;0;2;8
47;323;7;14;.500;3;6;.500;0;0;;4;6;4;0;7;3;17
47;313;0;6;.000;0;2;.000;7;9;.778;3;4;1;0;1;2;7
47;321;1;5;.200;1;2;.500;0;0;;3;0;1;1;0;4;3
47;306;0;1;.000;0;0;;0;0;;1;0;1;0;0;1;0
47;316;0;2;.000;0;0;;0;0;;2;0;0;2;1;1;0
47;314;1;1;1.000;1;1;1.000;0;0;;1;0;0;0;1;1;3
47;318;0;0;;0;0;;0;0;;0;0;0;0;0;0;0
47;308;0;0;;0;0;;0;0;;0;0;0;1;0;0;0
48;59;6;11;.545;0;0;;6;11;.545;7;6;2;1;7;4;18
48;45;12;21;.571;2;5;.400;5;6;.833;13;5;1;0;3;2;31
48;57;7;13;.538;2;7;.286;4;5;.800;3;3;0;0;1;4;20
48;58;5;11;.455;0;4;.000;2;2;1.000;7;4;1;0;0;2;12
48;43;0;6;.000;0;4;.000;3;3;1.000;2;1;2;1;0;1;3
48;41;3;9;.333;1;2;.500;4;4;1.000;1;1;0;0;0;2;11
48;48;2;9;.222;0;3;.000;2;4;.500;9;2;1;0;1;1;6
48;54;0;1;.000;0;0;;0;0;;1;0;0;0;0;0;0
48;39;0;1;.000;0;1;.000;0;0;;2;0;0;0;0;2;0
48;50;0;0;;0;0;;0;0;;0;0;0;0;0;1;0
48;40;0;0;;0;0;;0;0;;0;0;0;0;0;0;0
48;47;0;1;.000;0;0;;0;0;;0;0;0;0;0;0;0
48;36;8;16;.500;1;5;.200;11;12;.917;3;2;0;1;4;1;28
48;33;11;18;.611;7;9;.778;0;0;;8;6;2;1;2;2;29
48;26;10;12;.833;2;3;.667;4;4;1.000;7;4;0;0;2;3;26
48;35;3;12;.250;2;8;.250;1;1;1.000;3;9;1;0;1;4;9
48;20;2;4;.500;2;3;.667;0;0;;6;1;0;1;1;4;6
48;30;5;12;.417;1;4;.250;0;0;;5;1;0;1;0;2;11
48;32;1;4;.250;1;2;.500;0;0;;1;0;1;0;0;1;3
48;28;1;6;.167;1;1;1.000;2;2;1.000;3;4;0;0;0;3;5
48;38;0;1;.000;0;0;;0;0;;0;0;0;0;0;1;0
48;31;0;0;;0;0;;0;0;;0;0;0;0;0;0;0
49;412;11;24;.458;2;9;.222;0;0;;8;8;1;1;2;0;24
49;408;12;24;.500;1;3;.333;0;0;;15;5;2;3;2;4;25
49;418;7;16;.438;3;8;.375;1;3;.333;9;1;2;0;0;6;18
49;422;8;15;.533;3;4;.750;3;3;1.000;7;12;5;0;7;5;22
49;419;5;13;.385;4;8;.500;0;0;;2;1;1;1;1;2;14
49;417;1;3;.333;0;2;.000;3;3;1.000;2;3;1;0;1;1;5
49;411;1;6;.167;0;3;.000;0;0;;1;3;0;0;0;1;2
49;403;1;2;.500;0;0;;0;0;;0;0;0;0;0;0;2
49;409;2;2;1.000;0;0;;0;0;;2;0;0;0;0;0;4
49;335;11;23;.478;2;7;.286;5;6;.833;6;7;2;3;2;1;29
49;336;7;11;.636;2;5;.400;4;5;.800;9;12;1;2;1;5;20
49;344;4;20;.200;2;11;.182;0;0;;6;3;0;0;2;3;10
49;337;5;8;.625;1;3;.333;4;7;.571;8;2;3;1;2;1;15
49;346;1;4;.250;1;4;.250;0;0;;1;1;0;0;1;1;3
49;334;8;15;.533;5;10;.500;7;7;1.000;7;2;3;0;6;2;28
49;340;3;3;1.000;0;0;;2;2;1.000;8;1;1;0;0;2;8
49;339;2;5;.400;0;0;;0;0;;1;3;0;0;1;3;4
49;345;2;2;1.000;0;0;;0;0;;3;5;0;2;1;0;4
50;70;12;30;.400;1;8;.125;1;6;.167;11;13;1;2;1;2;26
50;71;7;17;.412;5;12;.417;0;0;;2;1;0;0;0;2;19
50;79;6;11;.545;5;6;.833;3;3;1.000;2;2;2;0;0;0;20
50;72;3;13;.231;1;4;.250;0;0;;13;2;0;0;2;5;7
50;67;2;7;.286;0;0;;0;0;;0;3;0;1;0;2;4
50;66;4;4;1.000;1;1;1.000;7;8;.875;2;3;2;1;1;3;16
50;81;5;8;.625;0;0;;4;4;1.000;12;0;0;0;0;4;14
50;69;1;5;.200;0;2;.000;0;0;;1;0;0;1;1;3;2
50;63;2;7;.286;1;2;.500;0;0;;2;1;0;0;0;2;5
50;4;10;20;.500;0;4;.000;2;3;.667;7;5;1;3;2;3;22
50;7;6;12;.500;3;6;.500;3;3;1.000;3;10;1;0;4;2;18
50;16;7;19;.368;0;1;.000;7;9;.778;21;2;0;1;3;3;21
50;1;3;5;.600;1;3;.333;0;0;;2;2;0;0;0;3;7
50;6;3;8;.375;0;3;.000;3;3;1.000;2;2;0;0;1;1;9
50;15;4;5;.800;1;1;1.000;2;5;.400;1;1;0;0;2;4;11
50;9;2;6;.333;2;3;.667;0;0;;5;1;0;1;1;0;6
50;12;0;3;.000;0;0;;4;4;1.000;6;0;0;0;0;3;4
50;18;2;6;.333;1;2;.500;0;0;;0;1;0;1;0;0;5
50;17;2;7;.286;1;5;.200;4;4;1.000;3;2;0;0;0;3;9
51;391;6;21;.286;2;8;.250;3;4;.750;5;11;2;0;3;5;17
51;385;5;7;.714;0;0;;5;9;.556;14;0;0;3;2;4;15
51;387;10;13;.769;7;9;.778;0;0;;3;2;0;0;3;2;27
51;395;2;5;.400;1;3;.333;1;2;.500;4;2;0;0;3;1;6
51;384;5;7;.714;0;0;;0;0;;3;1;1;1;0;0;10
51;64;5;10;.500;3;6;.500;2;5;.400;10;1;0;0;1;3;15
51;381;7;11;.636;0;2;.000;3;3;1.000;4;6;1;1;3;3;17
51;383;3;7;.429;2;3;.667;1;2;.500;4;2;0;0;2;5;9
51;393;0;2;.000;0;1;.000;0;0;;1;1;0;0;0;1;0
51;315;9;22;.409;2;10;.200;12;13;.923;6;11;2;0;2;5;32
51;323;8;19;.421;2;5;.400;5;7;.714;5;3;3;0;2;5;23
51;307;2;5;.400;1;4;.250;0;0;;4;0;1;0;0;1;5
51;326;2;9;.222;1;5;.200;0;0;;10;3;1;2;0;2;5
51;312;10;15;.667;0;0;;1;2;.500;11;2;1;2;0;4;21
51;313;5;16;.313;3;6;.500;2;2;1.000;6;1;1;2;2;3;15
51;321;1;4;.250;0;2;.000;2;3;.667;4;1;0;1;1;0;4
51;314;1;3;.333;1;3;.333;0;0;;0;0;2;0;0;0;3
51;306;0;2;.000;0;2;.000;0;0;;2;1;0;0;0;1;0
51;316;0;0;;0;0;;0;0;;1;0;0;0;0;0;0
52;43;8;15;.533;4;7;.571;2;2;1.000;9;2;2;2;0;5;22
52;45;8;22;.364;1;6;.167;3;6;.500;14;5;1;1;2;5;20
52;57;9;17;.529;5;9;.556;0;0;;3;2;1;0;0;1;23
52;58;4;13;.308;2;6;.333;4;4;1.000;9;3;0;0;2;3;14
52;59;0;4;.000;0;0;;1;2;.500;5;7;0;1;5;2;1
52;41;5;11;.455;1;4;.250;0;0;;1;3;0;0;2;1;11
52;54;4;4;1.000;0;0;;0;0;;1;5;2;0;0;1;8
52;48;2;6;.333;0;1;.000;0;0;;6;1;1;0;0;1;4
52;50;0;0;;0;0;;0;0;;1;2;0;0;0;2;0
52;35;6;13;.462;4;10;.400;3;5;.600;5;3;2;1;3;4;19
52;33;6;15;.400;4;9;.444;4;4;1.000;7;9;1;1;0;1;20
52;26;5;9;.556;0;2;.000;3;3;1.000;12;5;1;0;1;1;13
52;36;7;14;.500;2;4;.500;5;6;.833;2;2;1;1;2;2;21
52;20;2;6;.333;1;3;.333;0;0;;4;0;0;0;1;1;5
52;30;3;8;.375;2;3;.667;3;4;.750;6;3;0;0;0;3;11
52;22;5;12;.417;2;5;.400;1;2;.500;4;1;1;0;1;2;13
52;28;1;1;1.000;0;0;;0;0;;0;0;0;0;1;1;2
52;29;2;4;.500;0;0;;0;0;;1;0;1;0;0;1;4
52;32;0;0;;0;0;;0;0;;0;0;0;0;0;0;0
53;70;19;28;.679;1;3;.333;4;8;.500;8;14;1;0;1;1;43
53;67;5;8;.625;0;2;.000;3;3;1.000;3;2;0;0;0;1;13
53;72;11;21;.524;2;6;.333;7;7;1.000;11;2;1;1;1;4;31
53;79;5;8;.625;2;3;.667;3;3;1.000;1;1;1;0;0;1;15
53;71;2;3;.667;1;2;.500;0;0;;2;2;2;0;0;3;5
53;66;5;8;.625;4;6;.667;0;2;.000;1;1;0;2;0;2;14
53;81;1;1;1.000;0;0;;0;0;;2;0;0;0;0;0;2
53;63;2;5;.400;1;4;.250;0;0;;1;0;0;0;0;1;5
53;69;0;2;.000;0;0;;0;0;;4;3;0;0;1;1;0
53;73;0;0;;0;0;;0;0;;1;0;0;0;0;0;0
53;74;0;0;;0;0;;0;0;;0;0;0;0;0;0;0
53;4;11;23;.478;0;5;.000;2;2;1.000;0;3;0;0;1;5;24
53;7;7;10;.700;3;6;.500;4;5;.800;4;8;0;0;4;5;21
53;16;8;11;.727;0;1;.000;0;0;;12;2;0;1;1;2;16
53;1;2;5;.400;1;3;.333;0;0;;0;1;1;0;1;3;5
53;6;0;5;.000;0;1;.000;2;2;1.000;6;1;0;0;1;0;2
53;17;5;10;.500;4;7;.571;0;0;;0;4;0;0;0;0;14
53;18;2;4;.500;1;2;.500;0;0;;4;4;0;0;2;1;5
53;9;3;5;.600;2;2;1.000;0;0;;0;1;0;1;0;3;8
53;15;1;1;1.000;0;0;;0;0;;6;0;0;0;1;4;2
53;12;3;3;1.000;0;0;;2;2;1.000;2;1;1;0;0;1;8
53;13;1;2;.500;0;1;.000;0;0;;1;0;0;0;0;0;2
53;2;1;2;.500;1;2;.500;0;0;;0;1;0;0;0;0;3
53;11;0;0;;0;0;;0;0;;0;0;0;0;0;0;0
54;336;3;8;.375;2;4;.500;3;4;.750;12;9;0;0;7;3;11
54;344;9;22;.409;3;9;.333;5;5;1.000;7;1;0;0;1;3;26
54;335;8;18;.444;1;6;.167;5;6;.833;3;3;2;0;1;1;22
54;334;6;19;.316;3;9;.333;4;4;1.000;6;2;4;2;3;1;19
54;342;1;2;.500;0;0;;0;0;;2;0;0;0;0;2;2
54;337;2;4;.500;0;0;;0;0;;2;1;2;0;0;2;4
54;340;3;4;.750;0;0;;0;0;;5;0;1;0;0;3;6
54;339;1;5;.200;0;0;;0;0;;0;3;0;1;0;2;2
54;345;0;0;;0;0;;0;0;;0;1;0;0;0;0;0
54;343;1;2;.500;0;0;;1;2;.500;5;0;1;0;0;0;3
54;333;1;5;.200;0;1;.000;0;0;;0;0;0;0;0;0;2
54;346;0;2;.000;0;2;.000;2;3;.667;2;0;0;0;0;0;2
54;330;0;1;.000;0;0;;1;2;.500;0;2;1;1;0;0;1
54;408;15;27;.556;1;3;.333;2;3;.667;18;3;4;0;1;4;33
54;422;2;11;.182;0;2;.000;0;0;;10;21;1;0;4;2;4
54;419;5;11;.455;0;1;.000;3;3;1.000;1;3;0;0;1;1;13
54;412;8;14;.571;3;7;.429;2;4;.500;7;5;2;2;2;2;21
54;418;6;12;.500;3;5;.600;1;1;1.000;13;3;0;0;2;2;16
54;403;7;11;.636;3;5;.600;1;1;1.000;1;1;0;1;0;1;18
54;411;3;6;.500;3;6;.500;0;0;;2;0;0;0;1;3;9
54;417;2;4;.500;1;2;.500;0;0;;2;0;0;0;2;2;5
54;409;0;0;;0;0;;0;0;;0;0;0;0;1;3;0
54;131;0;0;;0;0;;0;0;;0;0;0;0;1;0;0
55;323;6;17;.353;1;7;.143;2;2;1.000;7;6;1;0;0;1;15
55;315;8;17;.471;2;8;.250;7;7;1.000;4;12;2;1;1;1;25
55;312;5;8;.625;0;0;;1;2;.500;8;4;2;4;3;2;11
55;307;4;8;.500;2;5;.400;1;2;.500;3;2;1;1;0;0;11
55;326;4;6;.667;1;3;.333;0;0;;5;0;0;0;0;1;9
55;313;8;13;.615;4;8;.500;5;5;1.000;2;0;1;0;0;2;25
55;321;1;4;.250;0;2;.000;0;0;;4;0;0;1;0;2;2
55;314;1;4;.250;1;3;.333;0;0;;3;0;1;0;0;1;3
55;316;3;3;1.000;0;0;;2;2;1.000;4;1;0;0;4;5;8
55;306;1;1;1.000;0;0;;0;0;;0;1;0;0;0;0;2
55;320;1;3;.333;0;0;;0;0;;0;0;0;0;0;2;2
55;308;0;2;.000;0;0;;0;0;;1;0;0;0;0;2;0
55;385;6;8;.750;0;0;;0;0;;9;2;0;2;1;4;12
55;391;4;16;.250;2;7;.286;0;0;;1;3;0;0;3;4;10
55;387;2;10;.200;2;7;.286;0;0;;5;1;0;0;5;0;6
55;395;7;10;.700;3;5;.600;0;0;;5;1;0;0;3;4;17
55;384;1;4;.250;0;1;.000;0;0;;2;2;0;0;1;1;2
55;64;1;6;.167;1;3;.333;4;6;.667;5;3;0;0;0;0;7
55;381;5;11;.455;3;4;.750;1;1;1.000;4;1;0;0;1;1;14
55;393;2;4;.500;0;1;.000;4;4;1.000;3;4;2;0;1;1;8
55;388;2;3;.667;0;0;;2;2;1.000;2;0;1;0;0;0;6
55;383;3;7;.429;0;0;;0;0;;3;0;0;1;1;3;6
55;399;0;0;;0;0;;0;2;.000;2;0;0;1;0;0;0
55;398;1;3;.333;0;1;.000;0;0;;1;0;0;0;0;1;2
55;380;1;2;.500;0;0;;0;0;;1;0;0;0;0;0;2
56;7;9;13;.692;4;8;.500;5;6;.833;3;7;2;0;5;2;27
56;17;2;9;.222;1;7;.143;3;4;.750;1;2;0;0;1;3;8
56;1;7;12;.583;4;7;.571;0;2;.000;4;0;0;1;0;2;18
56;4;3;12;.250;0;0;;2;2;1.000;4;2;2;2;3;3;8
56;16;3;6;.500;0;0;;4;4;1.000;11;0;0;2;4;3;10
56;9;5;9;.556;3;7;.429;0;1;.000;6;1;1;0;1;4;13
56;6;3;7;.429;1;3;.333;4;4;1.000;8;1;0;4;2;6;11
56;15;3;6;.500;0;0;;0;0;;3;0;0;0;1;4;6
56;18;0;1;.000;0;1;.000;2;2;1.000;1;1;0;2;0;1;2
56;70;14;26;.538;1;4;.250;9;11;.818;6;7;3;1;4;1;38
56;72;7;14;.500;1;3;.333;6;7;.857;16;2;1;1;1;3;21
56;67;4;7;.571;2;3;.667;2;2;1.000;1;2;0;1;3;4;12
56;71;6;8;.750;4;6;.667;2;2;1.000;4;2;0;0;1;0;18
56;79;0;2;.000;0;1;.000;0;0;;1;1;1;0;0;4;0
56;66;5;12;.417;0;3;.000;1;3;.333;2;2;0;1;0;1;11
56;81;0;1;.000;0;0;;0;0;;3;0;0;0;0;1;0
56;63;2;7;.286;1;4;.250;0;0;;1;1;2;0;1;1;5
56;69;0;2;.000;0;1;.000;0;0;;2;1;0;0;0;4;0
57;33;7;15;.467;2;8;.250;2;2;1.000;7;3;2;0;0;0;18
57;26;5;12;.417;0;2;.000;3;4;.750;6;2;2;3;2;0;13
57;36;11;17;.647;1;4;.250;1;4;.250;5;4;1;0;4;3;24
57;35;4;11;.364;1;7;.143;0;0;;2;3;2;1;5;6;9
57;20;3;7;.429;1;2;.500;0;0;;10;3;0;0;0;5;7
57;30;3;14;.214;1;7;.143;2;2;1.000;7;3;0;1;0;1;9
57;22;6;12;.500;3;6;.500;1;2;.500;9;0;1;2;2;4;16
57;28;1;2;.500;0;1;.000;0;0;;3;1;1;0;0;1;2
57;32;1;1;1.000;1;1;1.000;0;0;;0;0;0;0;0;0;3
57;59;8;14;.571;0;0;;0;0;;8;8;1;2;4;1;16
57;57;6;15;.400;3;8;.375;3;4;.750;2;2;2;0;3;1;18
57;45;10;26;.385;0;1;.000;2;3;.667;19;2;1;1;3;6;22
57;58;4;11;.364;2;4;.500;1;3;.333;5;3;3;1;0;1;11
57;43;0;8;.000;0;5;.000;1;2;.500;2;1;1;0;1;1;1
57;41;4;12;.333;2;7;.286;2;2;1.000;4;3;0;0;1;3;12
57;48;4;9;.444;2;5;.400;4;4;1.000;7;2;0;1;0;1;14
57;54;2;2;1.000;0;0;;0;0;;2;2;0;0;2;0;4
57;50;0;0;;0;0;;0;0;;1;0;0;0;0;0;0
58;336;3;9;.333;2;4;.500;0;0;;9;9;5;2;3;3;8
58;344;5;13;.385;1;6;.167;2;2;1.000;7;0;0;0;1;2;13
58;335;15;27;.556;2;5;.400;6;6;1.000;9;5;1;1;2;1;38
58;334;8;17;.471;4;9;.444;3;3;1.000;1;2;0;0;2;1;23
58;337;2;7;.286;2;5;.400;0;0;;7;6;3;1;0;3;6
58;340;3;4;.750;0;0;;1;2;.500;3;1;0;0;1;3;7
58;333;5;8;.625;0;3;.000;2;3;.667;4;0;1;0;1;1;12
58;339;2;5;.400;0;0;;0;0;;1;2;0;0;0;2;4
58;330;0;0;;0;0;;0;0;;1;1;0;0;0;1;0
58;346;0;1;.000;0;0;;0;0;;0;0;0;0;0;0;0
58;345;2;2;1.000;0;0;;0;0;;0;2;0;1;0;2;4
58;343;0;0;;0;0;;1;2;.500;1;0;1;0;1;1;1
58;342;1;2;.500;0;1;.000;0;0;;2;0;0;0;0;0;2
58;408;8;22;.364;0;3;.000;10;10;1.000;12;1;1;2;6;4;26
58;412;8;16;.500;1;4;.250;2;4;.500;7;3;1;0;2;3;19
58;419;8;14;.571;1;4;.250;3;4;.750;1;1;0;0;1;2;20
58;422;2;10;.200;1;2;.500;1;4;.250;11;6;0;0;4;1;6
58;418;1;7;.143;0;2;.000;5;5;1.000;11;2;0;2;2;3;7
58;403;4;14;.286;0;7;.000;3;3;1.000;2;3;3;0;2;4;11
58;417;0;2;.000;0;2;.000;0;0;;3;0;1;0;0;0;0
58;411;1;2;.500;1;2;.500;0;0;;3;1;0;0;1;2;3
58;409;0;1;.000;0;0;;0;0;;0;0;1;0;0;2;0
58;131;0;0;;0;0;;0;0;;1;0;0;0;1;0;0
59;312;6;11;.545;0;0;;0;0;;15;2;2;6;0;2;12
59;315;8;22;.364;1;7;.143;7;8;.875;4;3;4;0;8;3;24
59;323;12;23;.522;1;6;.167;2;2;1.000;12;6;2;1;1;3;27
59;326;3;6;.500;3;5;.600;2;2;1.000;7;1;0;1;0;2;11
59;307;2;7;.286;2;7;.286;0;0;;4;0;0;0;0;3;6
59;313;3;10;.300;1;6;.167;2;2;1.000;2;2;0;0;2;3;9
59;321;1;3;.333;0;2;.000;1;1;1.000;2;0;2;1;1;0;3
59;314;2;5;.400;2;5;.400;0;0;;1;0;0;0;0;2;6
59;316;0;1;.000;0;0;;2;2;1.000;2;1;1;0;1;3;2
59;387;6;13;.462;2;7;.286;1;2;.500;8;4;1;0;2;3;15
59;391;8;24;.333;2;7;.286;7;7;1.000;9;2;4;0;3;6;25
59;64;1;11;.091;1;7;.143;2;2;1.000;5;2;1;2;0;2;5
59;385;5;7;.714;0;0;;1;2;.500;10;0;1;3;3;1;11
59;395;3;7;.429;0;3;.000;2;2;1.000;5;1;0;0;4;3;8
59;393;3;10;.300;2;3;.667;1;1;1.000;2;2;0;0;2;1;9
59;384;2;2;1.000;0;0;;1;2;.500;1;1;1;0;1;1;5
59;388;0;1;.000;0;1;.000;0;0;;1;2;0;0;0;1;0
59;383;4;6;.667;0;1;.000;1;2;.500;0;1;0;0;0;3;9
59;381;0;2;.000;0;0;;0;0;;4;1;0;0;1;0;0
60;4;5;11;.455;0;0;;3;4;.750;5;1;0;0;2;4;13
60;7;2;7;.286;1;4;.250;0;0;;4;10;0;0;0;2;5
60;9;5;11;.455;0;2;.000;3;4;.750;3;1;2;0;2;4;13
60;1;1;3;.333;0;1;.000;0;0;;2;1;0;0;2;3;2
60;6;5;8;.625;2;3;.667;0;0;;1;0;0;1;3;2;12
60;15;3;4;.750;0;0;;3;3;1.000;2;2;0;0;0;2;9
60;17;2;5;.400;1;3;.333;0;0;;2;1;0;0;1;1;5
60;18;4;7;.571;0;1;.000;2;2;1.000;2;1;1;0;0;1;10
60;16;7;14;.500;0;0;;4;6;.667;5;2;0;3;1;2;18
60;13;2;5;.400;0;1;.000;1;2;.500;1;0;0;0;0;1;5
60;12;0;3;.000;0;0;;0;0;;2;0;0;1;1;1;0
60;2;0;1;.000;0;0;;1;2;.500;3;0;0;0;0;0;1
60;11;0;0;;0;0;;0;0;;0;0;0;0;1;1;0
60;70;12;19;.632;0;3;.000;5;8;.625;8;11;2;1;2;2;29
60;72;8;13;.615;2;4;.500;5;6;.833;6;0;2;2;2;3;23
60;67;5;8;.625;0;1;.000;2;2;1.000;3;5;0;0;1;3;12
60;79;6;6;1.000;3;3;1.000;0;0;;2;3;2;0;0;1;15
60;71;6;8;.750;4;5;.800;0;0;;2;2;1;0;1;4;16
60;74;2;5;.400;1;3;.333;0;0;;2;2;0;0;0;2;5
60;63;2;8;.250;0;1;.000;1;1;1.000;3;2;2;0;4;2;5
60;66;3;7;.429;2;6;.333;0;0;;4;1;0;0;0;1;8
60;81;2;3;.667;0;0;;1;1;1.000;2;2;0;0;0;1;5
60;62;0;0;;0;0;;2;2;1.000;1;1;0;0;0;1;2
60;73;4;4;1.000;0;0;;0;0;;3;0;0;2;0;1;8
60;83;0;3;.000;0;0;;0;0;;1;0;0;0;0;0;0
61;33;4;11;.364;1;6;.167;2;4;.500;8;2;0;0;1;2;11
61;36;7;16;.438;2;6;.333;4;4;1.000;4;4;0;1;3;3;20
61;26;4;6;.667;0;1;.000;2;2;1.000;10;3;1;3;4;1;10
61;35;5;12;.417;1;2;.500;3;4;.750;5;3;2;2;3;5;14
61;20;2;7;.286;2;6;.333;3;4;.750;5;0;0;1;0;2;9
61;30;6;15;.400;3;6;.500;2;3;.667;5;1;0;2;1;5;17
61;22;2;6;.333;2;5;.400;2;2;1.000;3;2;0;0;1;5;8
61;32;0;0;;0;0;;0;0;;0;0;1;0;0;4;0
61;29;1;2;.500;0;0;;1;1;1.000;2;0;0;1;2;1;3
61;28;0;0;;0;0;;0;0;;0;0;0;0;0;0;0
61;38;0;0;;0;0;;0;0;;0;0;0;0;0;0;0
61;31;0;0;;0;0;;0;2;.000;0;1;0;0;0;0;0
61;58;9;17;.529;1;3;.333;6;6;1.000;8;4;1;1;0;4;25
61;54;9;12;.750;1;1;1.000;0;1;.000;8;5;0;0;0;3;19
61;45;6;15;.400;2;5;.400;1;2;.500;12;2;0;0;2;2;15
61;57;3;11;.273;1;7;.143;0;2;.000;1;3;1;0;0;2;7
61;59;6;15;.400;0;0;;7;8;.875;13;5;2;0;4;3;19
61;41;2;10;.200;1;3;.333;4;4;1.000;1;1;1;0;0;2;9
61;43;1;7;.143;1;5;.200;0;0;;5;3;1;1;1;4;3
61;48;2;7;.286;0;2;.000;2;3;.667;5;1;0;1;1;3;6
61;39;0;0;;0;0;;0;0;;0;0;0;0;0;0;0
62;412;11;21;.524;2;6;.333;3;3;1.000;10;11;1;0;4;3;27
62;408;13;26;.500;1;2;.500;7;9;.778;19;1;1;3;3;2;34
62;419;4;12;.333;1;3;.333;1;2;.500;2;4;0;0;4;3;10
62;418;4;9;.444;3;6;.500;1;2;.500;7;1;0;0;1;1;12
62;422;3;7;.429;1;2;.500;0;0;;2;7;3;0;2;1;7
62;403;4;9;.444;1;3;.333;0;0;;4;1;2;0;0;1;9
62;417;2;4;.500;1;2;.500;0;0;;0;0;0;0;0;1;5
62;411;0;0;;0;0;;0;0;;0;1;0;1;0;0;0
62;336;9;18;.500;1;5;.200;0;0;;14;9;3;2;4;3;19
62;344;10;22;.455;2;8;.250;1;1;1.000;6;3;1;0;0;1;23
62;335;10;18;.556;1;4;.250;3;5;.600;6;7;2;0;1;2;24
62;334;10;16;.625;3;6;.500;5;5;1.000;7;8;1;0;4;2;28
62;337;1;4;.250;0;1;.000;0;0;;4;5;2;0;1;0;2
62;340;2;5;.400;0;0;;0;0;;7;0;1;0;0;6;4
62;339;3;6;.500;0;0;;0;0;;2;1;0;0;2;1;6
62;333;2;5;.400;0;3;.000;1;1;1.000;2;1;0;0;0;2;5
62;330;1;2;.500;0;0;;0;0;;2;0;0;0;0;1;2
62;345;0;3;.000;0;0;;0;0;;2;1;0;0;0;0;0
63;395;6;10;.600;1;2;.500;4;4;1.000;3;1;1;0;1;5;17
63;391;9;17;.529;2;7;.286;4;5;.800;4;9;1;0;3;3;24
63;385;5;9;.556;0;0;;2;4;.500;9;0;1;5;0;2;12
63;64;2;11;.182;1;5;.200;1;2;.500;8;0;1;0;3;0;6
63;387;5;10;.500;2;6;.333;0;0;;5;6;0;0;2;4;12
63;381;7;15;.467;3;5;.600;5;5;1.000;3;5;1;0;2;1;22
63;393;0;5;.000;0;2;.000;0;0;;1;3;0;0;1;2;0
63;384;3;3;1.000;0;0;;0;1;.000;6;0;0;0;0;1;6
63;388;1;1;1.000;1;1;1.000;0;0;;2;0;0;0;0;0;3
63;323;13;22;.591;8;10;.800;7;8;.875;7;10;1;0;0;1;41
63;326;7;9;.778;5;7;.714;0;0;;6;2;0;3;1;4;19
63;315;7;22;.318;1;7;.143;3;4;.750;4;4;2;0;3;3;18
63;312;1;2;.500;0;0;;3;4;.750;5;0;3;5;0;4;5
63;307;1;4;.250;0;2;.000;0;0;;6;1;1;0;1;2;2
63;313;2;8;.250;1;5;.200;0;0;;3;2;0;0;2;1;5
63;321;3;5;.600;1;2;.500;1;1;1.000;2;2;1;0;2;1;8
63;314;3;7;.429;2;6;.333;0;0;;5;0;1;0;0;2;8
63;316;3;4;.750;0;0;;0;0;;2;0;1;0;0;0;6
64;58;8;14;.571;3;3;1.000;8;11;.727;10;4;1;1;3;3;27
64;45;9;18;.500;0;4;.000;9;11;.818;12;4;0;3;4;3;27
64;57;5;13;.385;2;7;.286;2;2;1.000;2;3;0;0;2;5;14
64;54;4;7;.571;1;1;1.000;0;0;;5;6;2;0;1;4;9
64;59;8;15;.533;0;0;;2;2;1.000;8;6;0;1;4;5;18
64;43;2;5;.400;1;3;.333;0;0;;7;1;1;0;2;3;5
64;48;3;8;.375;1;3;.333;2;4;.500;3;2;0;1;0;4;9
64;41;1;2;.500;0;0;;1;1;1.000;1;0;0;0;0;2;3
64;39;0;0;;0;0;;0;0;;0;0;1;0;0;2;0
64;33;4;15;.267;3;9;.333;6;6;1.000;6;2;1;0;2;2;17
64;36;8;15;.533;0;0;;9;11;.818;3;4;1;0;2;4;25
64;26;7;16;.438;0;1;.000;1;1;1.000;8;3;5;0;1;4;15
64;22;10;13;.769;3;4;.750;1;4;.250;4;2;0;2;2;3;24
64;20;5;8;.625;1;2;.500;2;2;1.000;9;1;1;0;0;4;13
64;35;3;8;.375;0;2;.000;8;13;.615;6;6;3;0;2;2;14
64;30;1;10;.100;0;2;.000;4;4;1.000;3;0;1;1;1;5;6
64;32;0;0;;0;0;;0;0;;0;0;0;0;0;0;0
65;70;5;16;.313;0;5;.000;5;6;.833;7;9;0;2;7;1;15
65;72;5;14;.357;1;4;.250;6;6;1.000;8;3;0;0;1;3;17
65;79;2;9;.222;0;3;.000;0;0;;1;1;1;0;0;1;4
65;67;2;4;.500;1;2;.500;0;0;;0;0;0;0;0;1;5
65;71;2;6;.333;1;5;.200;0;0;;5;0;1;1;0;1;5
65;81;4;6;.667;0;0;;0;0;;11;1;0;0;1;0;8
65;66;1;3;.333;0;1;.000;4;4;1.000;1;1;0;0;0;1;6
65;69;5;12;.417;0;2;.000;1;1;1.000;0;2;0;0;0;3;11
65;63;4;11;.364;1;2;.500;1;1;1.000;3;0;1;0;0;0;10
65;74;0;3;.000;0;1;.000;0;0;;2;0;1;0;0;0;0
65;62;1;2;.500;0;1;.000;0;0;;0;0;0;0;0;0;2
65;73;0;0;;0;0;;0;0;;0;0;0;0;0;1;0
65;83;0;0;;0;0;;0;2;.000;2;1;0;0;0;0;0
65;36;6;11;.545;2;5;.400;2;2;1.000;6;3;2;0;2;3;16
65;33;4;10;.400;0;3;.000;0;0;;6;8;0;0;1;0;8
65;30;7;12;.583;3;4;.750;4;5;.800;10;0;0;0;1;3;21
65;22;9;16;.563;3;5;.600;2;2;1.000;8;1;1;1;2;2;23
65;26;8;10;.800;2;4;.500;2;3;.667;4;6;0;2;0;1;20
65;20;2;5;.400;0;0;;0;0;;8;2;2;1;0;2;4
65;35;4;12;.333;1;5;.200;0;0;;3;6;1;0;2;2;9
65;32;1;4;.250;0;3;.000;1;1;1.000;1;0;0;0;0;2;3
65;31;1;3;.333;0;1;.000;0;0;;0;0;0;0;1;1;2
65;29;1;1;1.000;0;0;;0;0;;2;1;0;0;0;1;2
65;38;0;0;;0;0;;0;0;;0;0;0;0;0;0;0
66;344;9;18;.500;6;15;.400;4;4;1.000;4;2;2;0;1;2;28
66;335;14;27;.519;3;6;.500;6;6;1.000;3;1;0;1;1;2;37
66;336;1;5;.200;0;1;.000;3;4;.750;9;9;2;2;3;3;5
66;334;8;15;.533;1;5;.200;1;2;.500;6;8;2;1;1;5;18
66;337;2;3;.667;0;1;.000;7;8;.875;4;1;2;0;2;4;11
66;340;1;1;1.000;0;0;;0;0;;4;1;1;0;1;0;2
66;346;3;5;.600;3;5;.600;0;0;;1;0;0;0;0;0;9
66;339;3;5;.600;0;0;;1;1;1.000;5;0;0;0;0;0;7
66;345;1;1;1.000;0;0;;0;0;;1;2;0;0;0;1;2
66;323;8;17;.471;2;7;.286;5;7;.714;11;3;1;0;1;4;23
66;315;14;24;.583;5;9;.556;8;10;.800;4;7;1;0;4;4;41
66;326;0;3;.000;0;2;.000;1;3;.333;5;2;1;1;1;3;1
66;312;6;7;.857;0;0;;0;0;;6;3;1;2;0;0;12
66;307;3;8;.375;1;5;.200;1;1;1.000;2;0;1;0;1;5;8
66;313;6;13;.462;3;7;.429;0;0;;5;3;0;0;4;1;15
66;321;0;6;.000;0;2;.000;0;0;;4;0;0;0;1;0;0
66;314;2;5;.400;2;4;.500;0;0;;3;0;0;0;1;4;6
66;316;0;1;.000;0;0;;0;0;;1;0;0;0;0;1;0
66;306;0;1;.000;0;1;.000;0;0;;1;0;0;0;0;1;0
67;70;16;29;.552;5;11;.455;5;10;.500;10;12;0;1;6;3;42
67;72;9;18;.500;2;6;.333;2;2;1.000;15;2;0;0;1;4;22
67;67;1;4;.250;0;2;.000;1;2;.500;2;1;0;2;0;3;3
67;81;4;6;.667;0;0;;0;0;;7;0;0;0;2;3;8
67;79;0;7;.000;0;4;.000;0;0;;3;1;0;0;0;2;0
67;66;2;5;.400;1;3;.333;1;2;.500;2;1;0;2;5;3;6
67;71;4;8;.500;2;5;.400;1;1;1.000;1;0;0;0;0;0;11
67;69;1;2;.500;0;0;;0;0;;2;1;0;0;1;1;2
67;73;0;1;.000;0;0;;0;0;;3;0;2;0;0;2;0
67;62;0;0;;0;0;;0;0;;0;0;0;0;0;0;0
67;74;0;0;;0;0;;0;0;;0;0;0;0;0;0;0
67;26;5;13;.385;1;4;.250;4;5;.800;10;4;2;2;0;0;15
67;33;7;16;.438;2;8;.250;2;2;1.000;6;2;0;0;1;3;18
67;22;9;18;.500;3;8;.375;2;4;.500;6;3;1;0;1;2;23
67;30;5;14;.357;1;4;.250;1;1;1.000;5;3;0;0;1;5;12
67;36;5;12;.417;1;3;.333;0;0;;3;2;1;0;2;3;11
67;35;3;9;.333;1;3;.333;4;4;1.000;5;9;4;0;0;3;11
67;20;4;7;.571;1;1;1.000;0;0;;6;1;0;0;0;0;9
67;32;0;0;;0;0;;2;2;1.000;4;0;0;0;0;1;2
67;29;1;2;.500;0;0;;2;2;1.000;1;0;0;0;0;1;4
67;38;0;0;;0;0;;0;0;;0;0;0;0;0;0;0
67;31;1;1;1.000;0;0;;0;0;;0;0;0;0;0;0;2
68;336;2;5;.400;0;2;.000;2;2;1.000;6;6;2;2;4;4;6
68;344;3;11;.273;2;4;.500;0;0;;2;2;2;0;0;1;8
68;335;13;22;.591;3;7;.429;9;9;1.000;3;0;0;0;5;5;38
68;334;7;19;.368;1;8;.125;1;1;1.000;7;7;0;0;2;3;16
68;337;2;4;.500;0;1;.000;1;2;.500;6;1;0;0;3;2;5
68;339;2;3;.667;0;0;;1;2;.500;1;2;0;0;0;1;5
68;346;2;6;.333;2;6;.333;0;0;;1;2;0;0;0;3;6
68;340;2;4;.500;0;0;;0;0;;5;0;1;1;1;1;4
68;345;2;4;.500;0;0;;0;0;;0;0;0;0;0;2;4
68;330;0;2;.000;0;0;;1;2;.500;3;0;0;1;0;0;1
68;333;2;3;.667;1;2;.500;2;2;1.000;1;0;0;0;0;0;7
68;343;2;2;1.000;0;0;;1;2;.500;1;1;1;0;0;0;5
68;326;8;9;.889;5;6;.833;1;2;.500;7;4;1;0;1;4;22
68;307;7;9;.778;1;3;.333;4;4;1.000;4;6;2;0;0;3;19
68;315;9;24;.375;3;15;.200;6;6;1.000;10;3;1;0;4;3;27
68;323;6;14;.429;1;5;.200;3;3;1.000;4;6;3;0;3;5;16
68;312;2;3;.667;0;0;;1;5;.200;10;1;0;0;3;3;5
68;313;8;15;.533;6;9;.667;5;5;1.000;3;2;1;1;0;0;27
68;314;1;2;.500;0;1;.000;1;2;.500;2;0;0;0;1;2;3
68;321;1;5;.200;0;1;.000;0;0;;1;0;0;0;0;0;2
68;318;2;3;.667;0;1;.000;0;0;;2;0;0;0;1;1;4
68;308;1;2;.500;0;0;;0;0;;2;0;0;0;0;2;2
68;306;0;0;;0;0;;0;0;;0;1;0;0;0;0;0
68;320;0;2;.000;0;1;.000;0;0;;2;0;0;0;0;1;0
69;36;6;10;.600;0;1;.000;6;8;.750;1;1;0;1;1;2;18
69;26;2;4;.500;1;2;.500;2;2;1.000;7;4;0;0;1;2;7
69;33;5;12;.417;1;4;.250;2;2;1.000;3;2;1;0;2;3;13
69;30;2;8;.250;1;3;.333;4;4;1.000;5;0;0;0;1;3;9
69;22;3;8;.375;2;3;.667;2;2;1.000;2;1;0;1;3;5;10
69;35;2;9;.222;0;4;.000;3;4;.750;0;6;2;0;3;2;7
69;20;3;7;.429;1;1;1.000;0;0;;6;1;0;2;1;3;7
69;32;1;5;.200;0;2;.000;0;0;;0;1;1;0;0;1;2
69;29;4;5;.800;0;0;;2;4;.500;5;0;0;0;2;2;10
69;38;0;1;.000;0;1;.000;1;2;.500;4;0;0;0;0;2;1
69;31;1;5;.200;0;1;.000;0;0;;1;0;0;0;1;0;2
69;70;8;12;.667;3;3;1.000;8;10;.800;5;12;2;2;3;3;27
69;67;4;11;.364;3;9;.333;2;4;.500;3;2;1;0;0;3;13
69;72;4;12;.333;1;4;.250;4;4;1.000;14;4;1;0;4;3;13
69;79;3;8;.375;3;4;.750;2;2;1.000;5;0;0;0;2;3;11
69;81;3;5;.600;0;0;;4;4;1.000;7;0;0;0;0;1;10
69;73;4;4;1.000;0;0;;0;0;;6;3;3;0;2;3;8
69;71;5;5;1.000;4;4;1.000;0;0;;2;0;0;0;2;2;14
69;66;2;4;.500;0;2;.000;2;2;1.000;0;1;1;0;0;2;6
69;63;3;11;.273;3;7;.429;0;0;;1;0;0;1;0;3;9
69;74;1;1;1.000;0;0;;1;2;.500;0;1;1;0;0;0;3
69;83;0;2;.000;0;0;;2;2;1.000;2;0;0;0;1;0;2
69;62;0;1;.000;0;1;.000;0;0;;0;0;0;0;0;0;0
70;307;2;6;.333;0;2;.000;2;2;1.000;3;2;0;0;2;3;6
70;326;2;5;.400;2;3;.667;0;0;;6;1;0;0;2;3;6
70;323;5;16;.313;2;8;.250;1;2;.500;10;4;1;2;2;4;13
70;315;7;16;.438;2;6;.333;4;5;.800;5;9;1;1;4;2;20
70;312;6;9;.667;0;0;;1;2;.500;8;1;0;1;0;2;13
70;313;4;13;.308;2;8;.250;1;1;1.000;2;1;0;0;3;1;11
70;314;3;10;.300;2;6;.333;1;1;1.000;2;0;0;1;1;2;9
70;321;1;2;.500;1;1;1.000;0;0;;1;0;0;0;1;0;3
70;320;2;3;.667;0;0;;0;0;;2;0;0;0;2;0;4
70;308;0;0;;0;0;;0;0;;1;1;0;0;1;1;0
70;306;0;1;.000;0;0;;0;0;;1;0;1;0;1;1;0
70;336;3;9;.333;1;4;.250;3;3;1.000;17;6;2;1;1;4;10
70;344;6;14;.429;1;3;.333;0;0;;1;3;1;2;3;1;13
70;335;9;19;.474;3;8;.375;4;4;1.000;6;6;1;0;0;0;25
70;334;13;23;.565;5;12;.417;4;4;1.000;6;1;0;1;1;2;35
70;337;4;6;.667;0;0;;2;2;1.000;3;3;3;1;0;0;10
70;346;1;3;.333;1;3;.333;2;2;1.000;3;0;0;0;0;1;5
70;339;4;9;.444;0;0;;1;2;.500;4;1;1;0;1;1;9
70;340;2;3;.667;0;0;;0;0;;5;0;0;2;0;5;4
70;330;0;0;;0;0;;0;0;;3;0;1;0;1;2;0
70;333;4;4;1.000;2;2;1.000;1;1;1.000;0;0;2;0;1;0;11
70;342;2;2;1.000;0;0;;0;0;;1;0;0;0;0;0;4
70;343;0;0;;0;0;;0;0;;0;0;0;0;0;0;0
71;26;5;13;.385;1;3;.333;4;4;1.000;7;1;1;1;0;1;15
71;22;10;23;.435;2;6;.333;3;3;1.000;6;2;2;0;0;5;25
71;33;6;15;.400;3;9;.333;1;3;.333;6;11;3;0;0;3;16
71;36;5;13;.385;0;1;.000;7;8;.875;2;1;0;0;2;3;17
71;30;4;8;.500;1;2;.500;1;2;.500;3;1;1;0;2;5;10
71;35;2;8;.250;1;5;.200;3;4;.750;5;5;2;1;5;5;8
71;20;2;3;.667;0;0;;4;6;.667;7;0;0;1;0;2;8
71;32;1;2;.500;1;2;.500;0;0;;1;0;0;0;0;2;3
71;70;17;28;.607;1;4;.250;9;13;.692;5;3;2;0;7;3;44
71;81;6;10;.600;0;0;;1;2;.500;12;2;1;2;1;1;13
71;67;6;9;.667;1;3;.333;0;1;.000;4;3;2;0;0;3;13
71;79;3;9;.333;3;6;.500;0;0;;3;3;0;0;1;2;9
71;72;3;12;.250;1;4;.250;2;2;1.000;11;3;0;0;6;5;9
71;71;4;7;.571;2;5;.400;4;4;1.000;4;0;0;3;0;5;14
71;66;1;5;.200;0;1;.000;0;0;;5;0;0;1;2;4;2
71;73;1;1;1.000;0;0;;5;7;.714;3;1;1;2;0;0;7
71;63;0;0;;0;0;;0;0;;0;0;0;0;1;0;0
71;74;0;0;;0;0;;0;0;;0;0;0;0;0;0;0
72;326;0;4;.000;0;2;.000;4;4;1.000;16;2;2;1;0;3;4
72;315;11;26;.423;3;12;.250;5;5;1.000;4;4;3;2;2;3;30
72;323;10;20;.500;5;9;.556;2;4;.500;2;4;1;0;3;4;27
72;307;2;4;.500;2;3;.667;3;4;.750;3;1;1;1;2;4;9
72;312;2;5;.400;0;0;;4;5;.800;13;0;0;2;2;3;8
72;313;4;14;.286;1;8;.125;5;5;1.000;1;1;0;1;1;2;14
72;314;1;4;.250;1;4;.250;0;0;;2;0;0;2;0;0;3
72;336;4;8;.500;0;2;.000;3;4;.750;13;8;2;1;5;3;11
72;335;9;24;.375;1;5;.200;8;8;1.000;12;3;0;0;2;1;27
72;344;4;13;.308;2;5;.400;0;0;;4;0;0;0;1;3;10
72;334;10;26;.385;6;13;.462;2;2;1.000;6;2;2;0;3;3;28
72;340;2;6;.333;0;0;;0;0;;6;1;0;1;0;5;4
72;330;3;4;.750;0;0;;0;0;;5;0;1;1;0;3;6
72;339;2;5;.400;0;0;;0;0;;3;0;1;0;4;4;4
72;346;1;3;.333;0;2;.000;0;0;;0;0;0;0;1;1;2
72;333;0;0;;0;0;;0;0;;0;0;0;0;0;1;0
73;70;11;22;.500;1;6;.167;3;4;.750;10;5;1;0;6;2;26
73;72;6;13;.462;2;7;.286;0;0;;7;2;2;1;2;2;14
73;67;1;5;.200;0;0;;5;6;.833;1;2;0;1;2;2;7
73;81;0;3;.000;0;1;.000;1;2;.500;6;1;0;0;0;2;1
73;79;1;6;.167;0;4;.000;0;0;;0;1;0;0;1;5;2
73;66;3;4;.750;1;2;.500;1;2;.500;5;0;0;0;2;1;8
73;71;2;6;.333;2;5;.400;1;1;1.000;0;1;0;0;0;2;7
73;73;1;1;1.000;0;0;;0;2;.000;6;2;0;4;2;1;2
73;63;3;10;.300;2;7;.286;0;0;;2;0;0;0;0;1;8
73;74;0;0;;0;0;;0;0;;0;0;0;0;0;0;0
73;69;2;3;.667;1;2;.500;0;0;;0;1;0;0;0;0;5
73;83;1;1;1.000;0;0;;1;2;.500;0;0;0;1;0;0;3
73;62;0;0;;0;0;;0;0;;2;2;0;0;0;1;0
73;36;7;15;.467;3;7;.429;7;8;.875;7;4;4;2;2;3;24
73;26;4;9;.444;1;2;.500;6;6;1.000;12;1;1;0;2;2;15
73;22;4;15;.267;2;8;.250;7;8;.875;3;2;0;1;2;4;17
73;33;3;15;.200;1;7;.143;1;1;1.000;6;6;3;0;1;3;8
73;20;3;7;.429;0;1;.000;0;0;;7;0;0;3;0;3;6
73;30;5;13;.385;3;6;.500;0;0;;6;0;1;0;1;3;13
73;35;5;9;.556;3;6;.500;0;0;;4;4;1;0;0;0;13
73;31;0;0;;0;0;;0;0;;0;0;0;0;0;0;0
73;38;0;2;.000;0;2;.000;0;0;;0;1;0;0;0;1;0
74;344;8;14;.571;4;7;.571;3;4;.750;4;1;0;0;4;3;23
74;336;4;9;.444;1;2;.500;3;4;.750;15;4;1;0;6;4;12
74;334;8;17;.471;2;8;.250;4;5;.800;7;6;4;0;3;2;22
74;335;8;22;.364;3;6;.500;10;10;1.000;4;0;0;1;2;3;29
74;340;2;2;1.000;0;0;;0;0;;3;2;1;0;0;3;4
74;339;1;3;.333;0;0;;0;0;;1;1;1;0;0;2;2
74;330;1;1;1.000;0;0;;0;0;;4;1;0;0;1;2;2
74;345;0;1;.000;0;0;;0;0;;2;2;0;0;0;1;0
74;333;0;3;.000;0;3;.000;0;0;;1;1;0;0;0;1;0
74;346;0;0;;0;0;;0;0;;0;0;0;0;0;0;0
74;326;3;6;.500;2;4;.500;0;0;;9;0;0;0;2;3;8
74;307;1;6;.167;1;4;.250;3;4;.750;2;1;3;0;0;4;6
74;315;5;21;.238;0;11;.000;9;9;1.000;3;4;2;0;6;2;19
74;323;6;19;.316;4;9;.444;4;4;1.000;7;6;3;0;0;4;20
74;312;5;6;.833;0;0;;2;5;.400;14;0;0;2;1;3;12
74;313;6;15;.400;3;10;.300;9;10;.900;4;1;2;1;0;2;24
74;314;3;5;.600;3;5;.600;0;0;;1;0;0;0;1;1;9
75;33;10;16;.625;6;10;.600;2;2;1.000;3;7;2;0;1;3;28
75;36;7;13;.538;1;3;.333;0;0;;3;2;1;0;2;3;15
75;26;2;8;.250;0;2;.000;2;4;.500;9;4;0;1;2;3;6
75;22;11;18;.611;2;5;.400;3;6;.500;3;1;0;0;0;3;27
75;20;0;1;.000;0;1;.000;0;0;;4;2;0;0;1;2;0
75;35;4;7;.571;1;4;.250;1;2;.500;3;8;1;1;3;1;10
75;30;3;10;.300;2;3;.667;2;4;.500;2;1;0;0;2;2;10
75;29;1;1;1.000;0;0;;0;0;;2;0;1;0;2;1;2
75;32;0;0;;0;0;;1;2;.500;1;0;0;0;0;0;1
75;38;0;0;;0;0;;0;0;;1;0;0;0;0;0;0
75;31;0;0;;0;0;;0;0;;0;0;0;0;0;0;0
75;70;17;33;.515;5;7;.714;7;11;.636;11;9;3;1;3;2;46
75;79;2;7;.286;1;5;.200;0;0;;3;0;0;1;0;4;5
75;67;7;12;.583;0;3;.000;6;6;1.000;3;3;2;1;1;1;20
75;81;1;2;.500;0;0;;0;0;;4;1;0;2;1;2;2
75;72;0;3;.000;0;1;.000;0;0;;4;0;0;0;0;1;0
75;66;4;10;.400;1;3;.333;5;5;1.000;3;2;0;2;2;2;14
75;71;2;6;.333;2;3;.667;0;0;;3;0;1;2;2;4;6
75;73;5;5;1.000;0;0;;0;0;;7;1;2;0;0;1;10
75;63;3;9;.333;0;1;.000;0;0;;5;0;0;0;0;2;6
75;74;0;0;;0;0;;0;0;;1;0;0;0;0;0;0
76;315;10;24;.417;4;12;.333;8;9;.889;7;9;3;0;9;4;32
76;307;6;18;.333;2;9;.222;0;0;;4;0;1;0;1;2;14
76;326;2;6;.333;2;5;.400;0;0;;8;2;1;0;1;3;6
76;313;7;12;.583;4;6;.667;1;4;.250;2;0;0;0;5;4;19
76;312;1;3;.333;0;0;;0;2;.000;15;1;1;1;2;1;2
76;314;4;6;.667;3;4;.750;0;0;;0;0;0;1;3;1;11
76;321;0;2;.000;0;1;.000;0;2;.000;1;0;2;0;0;1;0
76;320;1;4;.250;0;1;.000;0;0;;0;0;0;0;0;0;2
76;306;0;2;.000;0;1;.000;0;0;;0;0;0;0;0;0;0
76;318;0;0;;0;0;;0;0;;1;1;0;0;0;0;0
76;334;12;23;.522;5;14;.357;0;0;;5;6;0;3;2;2;29
76;344;13;23;.565;9;14;.643;0;0;;6;2;4;0;1;1;35
76;336;2;3;.667;0;1;.000;0;0;;10;9;4;5;3;2;4
76;335;6;17;.353;1;5;.200;10;14;.714;7;4;0;1;1;0;23
76;340;2;6;.333;0;0;;0;0;;7;1;2;0;0;1;4
76;330;1;2;.500;0;0;;1;2;.500;6;1;0;1;2;2;3
76;346;1;3;.333;1;3;.333;2;3;.667;1;1;0;0;0;3;5
76;339;3;5;.600;0;0;;0;0;;0;0;0;0;1;3;6
76;345;1;1;1.000;0;0;;0;0;;1;1;0;0;1;1;2
76;333;1;2;.500;0;0;;0;0;;0;1;0;0;0;1;2
76;341;1;2;.500;0;1;.000;0;0;;2;0;1;0;0;1;2
76;343;0;0;;0;0;;0;0;;2;0;0;0;1;0;0
77;70;12;24;.500;3;8;.375;8;11;.727;15;9;0;2;8;4;35
77;79;3;8;.375;3;8;.375;3;5;.600;4;0;1;1;1;2;12
77;66;7;14;.500;2;9;.222;3;4;.750;8;1;0;1;0;2;19
77;67;2;6;.333;0;2;.000;2;2;1.000;2;2;1;0;2;3;6
77;81;4;4;1.000;0;0;;2;3;.667;9;1;0;0;0;1;10
77;71;1;6;.167;1;6;.167;0;0;;1;2;0;0;0;4;3
77;63;0;2;.000;0;1;.000;0;0;;0;0;0;0;0;1;0
77;73;1;2;.500;0;1;.000;0;0;;2;0;0;0;1;4;2
77;36;9;17;.529;2;6;.333;4;4;1.000;7;1;1;0;4;6;24
77;26;7;12;.583;0;1;.000;3;3;1.000;4;3;1;0;0;2;17
77;22;5;18;.278;3;12;.250;0;0;;6;1;1;0;1;2;13
77;33;2;14;.143;0;10;.000;0;0;;4;4;1;0;0;3;4
77;20;0;0;;0;0;;3;4;.750;5;0;0;0;0;2;3
77;30;5;14;.357;2;6;.333;2;4;.500;12;2;1;0;0;3;14
77;35;1;10;.100;0;4;.000;2;4;.500;4;7;1;0;0;2;4
78;334;10;22;.455;7;15;.467;0;0;;9;10;4;1;5;4;27
78;335;11;21;.524;5;11;.455;7;10;.700;5;5;1;3;2;3;34
78;336;5;13;.385;0;5;.000;0;0;;13;5;1;1;5;4;10
78;344;8;13;.615;3;7;.429;0;2;.000;3;1;2;0;2;4;19
78;340;2;5;.400;0;0;;0;2;.000;5;0;0;0;0;1;4
78;339;2;3;.667;0;0;;0;0;;2;1;0;0;0;1;4
78;346;1;1;1.000;1;1;1.000;0;0;;0;0;0;0;0;2;3
78;330;0;2;.000;0;0;;0;0;;5;3;1;2;2;2;0
78;333;0;0;;0;0;;0;0;;0;0;0;0;0;1;0
78;341;0;0;;0;0;;0;0;;0;0;0;0;0;0;0
78;326;5;9;.556;2;5;.400;2;4;.500;12;2;4;0;3;3;14
78;315;12;29;.414;2;13;.154;6;8;.750;6;6;4;1;5;2;32
78;307;0;12;.000;0;9;.000;0;0;;7;2;2;0;2;4;0
78;313;9;22;.409;2;12;.167;3;4;.750;3;6;1;1;1;2;23
78;312;9;10;.900;0;0;;2;6;.333;9;0;2;0;1;3;20
78;314;1;7;.143;1;4;.250;0;0;;4;0;0;1;0;0;3
78;306;0;0;;0;0;;0;0;;1;0;0;0;0;3;0
78;320;0;1;.000;0;1;.000;0;0;;2;1;0;0;0;0;0
79;70;19;32;.594;3;7;.429;10;11;.909;8;8;1;1;5;2;51
79;72;9;20;.450;1;8;.125;2;2;1.000;13;1;0;0;1;1;21
79;79;3;10;.300;2;6;.333;2;2;1.000;6;2;0;0;2;1;10
79;67;2;6;.333;2;4;.500;1;2;.500;2;1;1;0;0;5;7
79;81;1;4;.250;0;0;;0;0;;5;0;0;1;1;3;2
79;66;3;9;.333;1;6;.167;0;0;;3;5;1;0;1;1;7
79;73;4;6;.667;0;0;;1;4;.250;11;0;1;0;0;2;9
79;63;2;9;.222;0;3;.000;0;0;;3;0;1;1;1;1;4
79;71;1;3;.333;1;3;.333;0;1;.000;2;1;0;0;0;2;3
79;74;0;0;;0;0;;0;0;;0;0;0;0;0;0;0
79;69;0;0;;0;0;;0;0;;0;0;0;0;0;0;0
79;62;0;0;;0;0;;0;0;;0;0;0;0;0;0;0
79;83;0;0;;0;0;;0;0;;0;0;0;0;0;0;0
79;336;5;9;.556;2;5;.400;1;1;1.000;11;9;5;2;2;4;13
79;334;11;23;.478;5;11;.455;2;2;1.000;6;9;1;0;2;1;29
79;335;8;22;.364;1;7;.143;9;10;.900;9;6;1;3;1;3;26
79;344;8;16;.500;5;10;.500;3;3;1.000;3;1;0;0;1;3;24
79;340;4;5;.800;0;0;;0;0;;4;0;1;0;0;4;8
79;339;4;4;1.000;0;0;;2;2;1.000;2;3;1;0;0;1;10
79;330;2;3;.667;0;1;.000;0;0;;2;2;0;0;0;1;4
79;346;1;4;.250;0;2;.000;0;0;;0;0;0;0;0;1;2
79;342;2;3;.667;0;0;;0;0;;1;0;0;1;0;0;4
79;345;1;1;1.000;0;0;;0;0;;0;1;0;0;1;0;2
79;341;0;0;;0;0;;2;2;1.000;0;0;1;0;0;0;2
79;333;0;0;;0;0;;0;0;;0;0;0;0;0;0;0
80;70;10;20;.500;2;4;.500;7;9;.778;9;13;2;0;5;2;29
80;72;7;18;.389;3;8;.375;5;5;1.000;10;1;2;1;1;1;22
80;67;5;12;.417;3;6;.500;2;2;1.000;2;3;2;1;1;5;15
80;79;2;9;.222;1;4;.250;0;1;.000;1;2;2;0;1;0;5
80;81;5;8;.625;0;0;;1;2;.500;5;0;0;0;0;2;11
80;66;2;7;.286;0;2;.000;2;2;1.000;2;1;0;0;0;0;6
80;71;0;3;.000;0;1;.000;1;1;1.000;2;1;0;1;0;2;1
80;73;0;1;.000;0;0;;2;4;.500;6;1;0;1;1;0;2
80;63;1;4;.250;0;0;;0;0;;1;1;1;0;1;1;2
80;74;1;2;.500;0;1;.000;0;0;;1;0;0;0;0;0;2
80;69;1;2;.500;0;1;.000;0;0;;1;1;0;0;0;0;2
80;62;2;3;.667;0;0;;0;0;;2;1;0;0;0;0;4
80;83;1;1;1.000;0;0;;0;0;;0;0;0;0;0;2;2
80;336;2;4;.500;0;2;.000;1;2;.500;8;7;0;1;0;5;5
80;335;10;14;.714;2;3;.667;4;4;1.000;9;7;0;2;3;3;26
80;334;11;26;.423;9;17;.529;2;2;1.000;7;8;1;0;5;3;33
80;344;8;13;.615;3;8;.375;1;2;.500;2;1;1;0;2;3;20
80;342;6;6;1.000;0;0;;0;1;.000;2;0;0;1;0;4;12
80;339;5;5;1.000;0;0;;0;0;;5;1;0;0;1;1;10
80;346;0;5;.000;0;4;.000;0;0;;1;0;0;0;0;1;0
80;340;0;0;;0;0;;0;4;.000;1;1;0;0;0;0;0
80;345;1;1;1.000;1;1;1.000;0;0;;3;2;0;3;1;2;3
80;330;2;3;.667;0;0;;1;2;.500;1;1;1;0;0;3;5
80;343;1;2;.500;0;0;;4;4;1.000;2;0;0;1;0;0;6
80;333;1;3;.333;0;1;.000;0;0;;0;0;0;0;0;0;2
80;341;0;0;;0;0;;0;0;;0;0;0;0;0;0;0
81;335;15;23;.652;6;9;.667;7;7;1.000;13;7;1;1;3;3;43
81;344;4;11;.364;2;5;.400;0;0;;4;2;1;1;0;3;10
81;336;4;8;.500;0;2;.000;2;2;1.000;2;9;2;0;2;4;10
81;334;3;16;.188;1;10;.100;4;4;1.000;5;6;1;0;2;3;11
81;342;5;7;.714;0;0;;0;0;;3;0;0;2;1;1;10
81;337;3;4;.750;0;0;;2;2;1.000;2;1;1;0;1;3;8
81;339;4;5;.800;0;0;;0;0;;0;2;0;0;0;3;8
81;330;4;5;.800;0;0;;2;4;.500;6;0;0;1;0;0;10
81;345;0;2;.000;0;0;;0;0;;2;0;0;0;1;0;0
81;346;0;0;;0;0;;0;0;;0;0;0;0;0;0;0
81;341;0;0;;0;0;;0;0;;0;0;0;0;0;0;0
81;340;0;0;;0;0;;0;0;;0;0;0;0;0;0;0
81;70;13;28;.464;1;6;.167;6;7;.857;10;11;2;2;4;2;33
81;81;4;8;.500;0;0;;0;1;.000;7;0;0;1;0;2;8
81;79;5;14;.357;3;10;.300;0;0;;4;0;3;0;0;4;13
81;72;6;13;.462;3;7;.429;5;5;1.000;13;3;1;0;2;2;20
81;67;2;6;.333;1;2;.500;0;0;;2;4;0;0;4;3;5
81;69;7;11;.636;0;1;.000;1;2;.500;6;0;0;1;0;2;15
81;66;1;4;.250;1;3;.333;0;0;;0;1;0;0;1;1;3
81;73;2;4;.500;0;0;;1;2;.500;3;1;0;0;1;1;5
81;71;0;4;.000;0;2;.000;0;0;;2;0;0;0;1;1;0
82;334;12;27;.444;7;15;.467;6;6;1.000;6;4;3;3;2;4;37
82;336;4;8;.500;1;5;.200;0;0;;3;9;1;3;1;5;9
82;335;7;17;.412;0;3;.000;6;6;1.000;12;10;1;3;2;3;20
82;344;4;10;.400;2;5;.400;0;0;;6;0;0;0;2;3;10
82;342;3;4;.750;0;0;;0;0;;3;0;0;1;0;1;6
82;337;4;8;.500;3;6;.500;0;0;;2;0;2;2;0;3;11
82;330;2;3;.667;0;0;;0;0;;4;1;0;1;0;0;4
82;339;0;1;.000;0;0;;2;2;1.000;4;0;0;0;0;2;2
82;346;1;4;.250;1;4;.250;0;0;;1;0;0;0;0;1;3
82;345;1;1;1.000;0;0;;0;0;;0;1;0;0;0;2;2
82;340;1;2;.500;0;0;;0;0;;1;0;0;0;0;0;2
82;343;0;1;.000;0;0;;2;2;1.000;1;0;0;0;1;0;2
82;341;0;0;;0;0;;0;0;;1;0;0;0;0;0;0
82;70;7;13;.538;0;1;.000;9;11;.818;7;8;0;1;6;5;23
82;72;4;13;.308;2;5;.400;3;4;.750;9;2;1;0;1;2;13
82;79;3;8;.375;3;5;.600;1;2;.500;2;1;0;0;0;3;10
82;67;1;7;.143;1;4;.250;0;2;.000;3;1;0;0;1;3;3
82;81;3;5;.600;0;0;;0;0;;4;0;0;1;0;0;6
82;69;4;14;.286;1;3;.333;1;1;1.000;8;2;2;1;2;2;10
82;66;2;8;.250;1;3;.333;0;0;;0;1;0;1;0;1;5
82;73;3;7;.429;0;0;;1;2;.500;8;4;1;1;0;4;7
82;71;0;6;.000;0;5;.000;2;3;.667;1;1;0;0;1;2;2
82;74;1;3;.333;0;0;;0;0;;0;0;0;0;0;0;2
82;62;0;1;.000;0;1;.000;0;0;;1;1;1;0;0;0;0
82;83;2;2;1.000;0;0;;0;0;;1;0;0;0;0;0;4
